date,strategy,code,name,score,ratio,judgment,reason,condition
2026-03-07,A,4052,フィーチャ,10.0,14.91,CAUTION,地合い軟調 - スコア高いが慎重に,
2026-03-07,A,9115,明海グループ,10.0,16.1,CAUTION,地合い軟調 - スコア高いが慎重に,
2026-03-07,A,4591,リボミック,10.0,17.64,CAUTION,地合い軟調 - スコア高いが慎重に,
2026-03-07,A,8912,エリアクエスト,10.0,12.72,CAUTION,地合い軟調 - スコア高いが慎重に,
2026-03-07,A,9130,共栄タンカー,10.0,13.07,CAUTION,地合い軟調 - スコア高いが慎重に,
2026-03-07,A,4438,Ｗｅｌｂｙ,9.86,11.58,CAUTION,地合い軟調 - スコア高いが慎重に,
2026-03-07,A,4216,旭有機材,9.14,9.41,CAUTION,地合い軟調 - スコア高いが慎重に,
2026-03-07,A,2321,ソフトフロントホールディングス,9.02,9.05,CAUTION,地合い軟調 - スコア高いが慎重に,
2026-03-07,A,3358,Ｔｒａｉｌｈｅａｄ　Ｇｌｏｂａｌ　Ｈｏｌｄｉｎｇｓ,9.0,8.99,CAUTION,地合い軟調 - スコア高いが慎重に,
2026-03-07,A,7980,重松製作所,8.97,8.92,CAUTION,地合い軟調 - スコア高いが慎重に,
2026-03-07,A,3205,ダイドーリミテッド,8.41,7.24,CAUTION,地合い軟調 - スコア高いが慎重に,
2026-03-07,A,8103,明和産業,8.14,6.41,CAUTION,地合い軟調 - スコア高いが慎重に,
2026-03-07,A,4274,細谷火工,8.1,6.29,CAUTION,地合い軟調 - スコア高いが慎重に,
2026-03-07,A,7836,アビックス,7.98,5.94,PASS,地合い軟調 + スコア不十分,
2026-03-07,A,5587,インバウンドプラットフォーム,7.74,5.22,PASS,地合い軟調 + スコア不十分,
2026-03-07,A,6965,浜松ホトニクス,7.57,4.7,PASS,地合い軟調 + スコア不十分,
2026-03-07,A,7713,シグマ光機,7.52,4.57,PASS,地合い軟調 + スコア不十分,
2026-03-07,A,7942,ＪＳＰ,7.39,4.16,PASS,地合い軟調 + スコア不十分,
2026-03-07,A,2338,クオンタムソリューションズ,7.29,6.33,PASS,地合い軟調 + スコア不十分,
2026-03-07,A,5133,テリロジーホールディングス,7.27,3.81,PASS,地合い軟調 + スコア不十分,
2026-03-07,B,6613,ＱＤレーザ,5.23,-12.26,CAUTION,地合い軟調 - 損切り-3%に引き締め,
2026-03-09,A,4052,フィーチャ,10.0,14.91,PASS,地合いPANIC - 全見送り,
2026-03-09,A,9115,明海グループ,10.0,16.1,PASS,地合いPANIC - 全見送り,
2026-03-09,A,4591,リボミック,10.0,17.64,PASS,地合いPANIC - 全見送り,
2026-03-09,A,8912,エリアクエスト,10.0,12.72,PASS,地合いPANIC - 全見送り,
2026-03-09,A,9130,共栄タンカー,10.0,13.07,PASS,地合いPANIC - 全見送り,
2026-03-09,A,4438,Ｗｅｌｂｙ,9.86,11.58,PASS,地合いPANIC - 全見送り,
2026-03-09,A,4216,旭有機材,9.14,9.41,PASS,地合いPANIC - 全見送り,
2026-03-09,A,2321,ソフトフロントホールディングス,9.02,9.05,PASS,地合いPANIC - 全見送り,
2026-03-09,A,3358,Ｔｒａｉｌｈｅａｄ　Ｇｌｏｂａｌ　Ｈｏｌｄｉｎｇｓ,9.0,8.99,PASS,地合いPANIC - 全見送り,
2026-03-09,A,7980,重松製作所,8.97,8.92,PASS,地合いPANIC - 全見送り,
2026-03-09,A,3205,ダイドーリミテッド,8.41,7.24,PASS,地合いPANIC - 全見送り,
2026-03-09,A,8103,明和産業,8.14,6.41,PASS,地合いPANIC - 全見送り,
2026-03-09,A,4274,細谷火工,8.1,6.29,PASS,地合いPANIC - 全見送り,
2026-03-09,A,7836,アビックス,7.98,5.94,PASS,地合いPANIC - 全見送り,
2026-03-09,A,5587,インバウンドプラットフォーム,7.74,5.22,PASS,地合いPANIC - 全見送り,
2026-03-09,A,6965,浜松ホトニクス,7.57,4.7,PASS,地合いPANIC - 全見送り,
2026-03-09,A,7713,シグマ光機,7.52,4.57,PASS,地合いPANIC - 全見送り,
2026-03-09,A,7942,ＪＳＰ,7.39,4.16,PASS,地合いPANIC - 全見送り,
2026-03-09,A,2338,クオンタムソリューションズ,7.29,6.33,PASS,地合いPANIC - 全見送り,
2026-03-09,A,5133,テリロジーホールディングス,7.27,3.81,PASS,地合いPANIC - 全見送り,
2026-03-09,B,6613,ＱＤレーザ,5.23,-12.26,PASS,地合いPANIC - 逆張り非推奨（続落リスク）,
2026-03-10,A,4052,フィーチャ,10.0,14.91,CAUTION,スコア過熱(9.0↑) - 逆行リスクあり,
2026-03-10,A,9115,明海グループ,10.0,16.1,CAUTION,スコア過熱(9.0↑) - 逆行リスクあり,
2026-03-10,A,4591,リボミック,10.0,17.64,CAUTION,スコア過熱(9.0↑) - 逆行リスクあり,
2026-03-10,A,8912,エリアクエスト,10.0,12.72,CAUTION,スコア過熱(9.0↑) - 逆行リスクあり,
2026-03-10,A,9130,共栄タンカー,10.0,13.07,CAUTION,スコア過熱(9.0↑) - 逆行リスクあり,
2026-03-10,A,4438,Ｗｅｌｂｙ,9.86,11.58,CAUTION,スコア過熱(9.0↑) - 逆行リスクあり,
2026-03-10,A,4216,旭有機材,9.14,9.41,CAUTION,スコア過熱(9.0↑) - 逆行リスクあり,
2026-03-10,A,2321,ソフトフロントホールディングス,9.02,9.05,CAUTION,スコア過熱(9.0↑) - 逆行リスクあり,
2026-03-10,A,3358,Ｔｒａｉｌｈｅａｄ　Ｇｌｏｂａｌ　Ｈｏｌｄｉｎｇｓ,9.0,8.99,CAUTION,スコア過熱(9.0↑) - 逆行リスクあり,
2026-03-10,A,7980,重松製作所,8.97,8.92,BUY,スコア優良 + 地合い良好,
2026-03-10,A,3205,ダイドーリミテッド,8.41,7.24,BUY,スコア優良 + 地合い良好,
2026-03-10,A,8103,明和産業,8.14,6.41,BUY,スコア優良 + 地合い良好,
2026-03-10,A,4274,細谷火工,8.1,6.29,BUY,スコア優良 + 地合い良好,
2026-03-10,A,7836,アビックス,7.98,5.94,BUY,スコア優良 + 地合い良好,
2026-03-10,A,5587,インバウンドプラットフォーム,7.74,5.22,BUY,スコア優良 + 地合い良好,
2026-03-10,A,6965,浜松ホトニクス,7.57,4.7,BUY,スコア優良 + 地合い良好,
2026-03-10,A,7713,シグマ光機,7.52,4.57,BUY,スコア優良 + 地合い良好,
2026-03-10,A,7942,ＪＳＰ,7.39,4.16,PASS,地合いNORMAL + スコア不十分(閾値7.5),
2026-03-10,A,2338,クオンタムソリューションズ,7.29,6.33,PASS,地合いNORMAL + スコア不十分(閾値7.5),
2026-03-10,A,5133,テリロジーホールディングス,7.27,3.81,PASS,地合いNORMAL + スコア不十分(閾値7.5),
2026-03-10,B,6613,ＱＤレーザ,5.23,-12.26,BUY,スコア・騰落条件OK,
2026-03-11,A,4586,メドレックス,10.0,12.24,CAUTION,スコア過熱(9.0↑) - 逆行リスクあり,
2026-03-11,A,2435,シダー,10.0,18.74,CAUTION,スコア過熱(9.0↑) - 逆行リスクあり,
2026-03-11,A,7836,アビックス,10.0,12.5,CAUTION,スコア過熱(9.0↑) - 逆行リスクあり,
2026-03-11,A,8894,ＲＥＶＯＬＵＴＩＯＮ,9.77,11.31,CAUTION,スコア過熱(9.0↑) - 逆行リスクあり,
2026-03-11,A,6573,ＣＲＡＶＩＡ,9.32,9.95,CAUTION,スコア過熱(9.0↑) - 逆行リスクあり,
2026-03-11,A,8622,水戸証券,8.6,7.8,BUY,スコア優良 + 地合い良好,
2026-03-11,A,6356,日本ギア工業,8.47,7.42,BUY,スコア優良 + 地合い良好,
2026-03-11,A,4881,ファンペップ,8.33,6.99,BUY,スコア優良 + 地合い良好,
2026-03-11,A,3563,ＦＯＯＤ　＆　ＬＩＦＥ　ＣＯＭＰＡＮＩＥＳ,8.23,6.7,BUY,スコア優良 + 地合い良好,
2026-03-11,A,4418,ＪＤＳＣ,8.18,6.54,BUY,スコア優良 + 地合い良好,
2026-03-11,A,157A,グリーンモンスター,8.14,6.42,BUY,スコア優良 + 地合い良好,
2026-03-11,A,4379,Ｐｈｏｔｏｓｙｎｔｈ,7.5,4.51,BUY,スコア優良 + 地合い良好,
2026-03-11,A,6189,グローバルキッズＣＯＭＰＡＮＹ,7.42,4.25,PASS,地合いNORMAL + スコア不十分(閾値7.5),
2026-03-11,A,2321,ソフトフロントホールディングス,7.31,6.74,PASS,地合いNORMAL + スコア不十分(閾値7.5),
2026-03-11,A,5461,中部鋼鈑,7.28,5.42,PASS,地合いNORMAL + スコア不十分(閾値7.5),
2026-03-11,A,3186,ネクステージ,7.27,3.82,PASS,地合いNORMAL + スコア不十分(閾値7.5),
2026-03-11,A,2438,アスカネット,7.08,3.24,PASS,地合いNORMAL + スコア不十分(閾値7.5),
2026-03-11,A,4594,ブライトパス・バイオ,7.04,3.11,PASS,地合いNORMAL + スコア不十分(閾値7.5),
2026-03-11,A,479A,ＰＲＯＮＩ,6.93,2.8,PASS,地合いNORMAL + スコア不十分(閾値7.5),
2026-03-11,A,6466,ＴＶＥ,6.9,3.18,PASS,地合いNORMAL + スコア不十分(閾値7.5),
2026-03-12,A,4075,ブレインズテクノロジー,10.0,17.46,CAUTION,スコア過熱(9.0↑) - 逆行リスクあり,
2026-03-12,A,3840,パス,10.0,12.95,CAUTION,スコア過熱(9.0↑) - 逆行リスクあり,
2026-03-12,A,4882,ペルセウスプロテオミクス,10.0,16.01,CAUTION,スコア過熱(9.0↑) - 逆行リスクあり,
2026-03-12,A,157A,グリーンモンスター,10.0,13.45,CAUTION,スコア過熱(9.0↑) - 逆行リスクあり,
2026-03-12,A,3553,共和レザー,8.44,7.32,CAUTION,地合い軟調 - スコア高いが慎重に,
2026-03-12,A,6907,ジオマテック,8.08,6.25,CAUTION,地合い軟調 - スコア高いが慎重に,
2026-03-12,A,255A,ジーエルテクノホールディングス,7.81,5.44,PASS,地合いWEAK + スコア不十分(閾値8.0),
2026-03-12,A,2375,ギグワークス,7.79,5.36,PASS,地合いWEAK + スコア不十分(閾値8.0),
2026-03-12,A,6356,日本ギア工業,7.53,4.59,PASS,地合いWEAK + スコア不十分(閾値8.0),
2026-03-12,A,6769,ザインエレクトロニクス,7.34,4.01,PASS,地合いWEAK + スコア不十分(閾値8.0),
2026-03-12,A,4265,Ｉｎｓｔｉｔｕｔｉｏｎ　ｆｏｒ　ａ　Ｇｌｏｂａｌ　Ｓｏｃｉｅｔｙ,7.32,3.96,PASS,地合いWEAK + スコア不十分(閾値8.0),
2026-03-12,A,192A,インテグループ,7.13,3.38,PASS,地合いWEAK + スコア不十分(閾値8.0),
2026-03-12,A,6093,エスクロー・エージェント・ジャパン,7.12,3.37,PASS,地合いWEAK + スコア不十分(閾値8.0),
2026-03-12,A,3927,フーバーブレイン,7.01,3.04,PASS,地合いWEAK + スコア不十分(閾値8.0),
2026-03-12,A,9908,日本電計,6.84,2.52,PASS,地合いWEAK + スコア不十分(閾値8.0),
2026-03-12,A,7613,シークス,6.83,2.83,PASS,地合いWEAK + スコア不十分(閾値8.0),
2026-03-12,A,6466,ＴＶＥ,6.81,2.43,PASS,地合いWEAK + スコア不十分(閾値8.0),
2026-03-12,A,4979,ＯＡＴアグリオ,6.79,2.64,PASS,地合いWEAK + スコア不十分(閾値8.0),
2026-03-12,A,6521,オキサイド,6.78,5.51,PASS,地合いWEAK + スコア不十分(閾値8.0),
2026-03-12,A,4586,メドレックス,6.7,2.09,PASS,地合いWEAK + スコア不十分(閾値8.0),
2026-03-13,A,1776,三井住建道路,10.0,13.04,PASS,地合いPANIC - 全見送り,
2026-03-13,A,4890,坪田ラボ,10.0,13.08,PASS,地合いPANIC - 全見送り,
2026-03-13,A,7940,ウェーブロックホールディングス,10.0,11.99,PASS,地合いPANIC - 全見送り,
2026-03-13,A,2375,ギグワークス,10.0,12.16,PASS,地合いPANIC - 全見送り,
2026-03-13,A,4814,ネクストウェア,9.92,11.75,PASS,地合いPANIC - 全見送り,
2026-03-13,A,7064,ハウテレビジョン,9.89,11.67,PASS,地合いPANIC - 全見送り,
2026-03-13,A,4075,ブレインズテクノロジー,9.14,9.41,PASS,地合いPANIC - 全見送り,
2026-03-13,A,6907,ジオマテック,9.05,9.16,PASS,地合いPANIC - 全見送り,
2026-03-13,A,3840,パス,8.67,8.0,PASS,地合いPANIC - 全見送り,
2026-03-13,A,157A,グリーンモンスター,8.52,7.55,PASS,地合いPANIC - 全見送り,
2026-03-13,A,6521,オキサイド,8.44,7.32,PASS,地合いPANIC - 全見送り,
2026-03-13,A,2288,丸大食品,8.3,6.89,PASS,地合いPANIC - 全見送り,
2026-03-13,A,1436,グリーンエナジー＆カンパニー,8.27,6.81,PASS,地合いPANIC - 全見送り,
2026-03-13,A,4884,クリングルファーマ,8.05,6.14,PASS,地合いPANIC - 全見送り,
2026-03-13,A,2734,サーラコーポレーション,7.93,5.78,PASS,地合いPANIC - 全見送り,
2026-03-13,A,4074,ラキール,7.91,5.74,PASS,地合いPANIC - 全見送り,
2026-03-13,A,1844,大盛工業,7.85,5.54,PASS,地合いPANIC - 全見送り,
2026-03-13,A,4026,神島化学工業,7.75,5.25,PASS,地合いPANIC - 全見送り,
2026-03-13,A,4893,ノイルイミューン・バイオテック,7.55,4.66,PASS,地合いPANIC - 全見送り,
2026-03-13,A,5248,テクノロジーズ,7.49,4.48,PASS,地合いPANIC - 全見送り,
2026-03-13,B,7031,インバウンドテック,1.07,-15.45,PASS,地合いPANIC - 逆張り非推奨（続落リスク）,
2026-03-13,B,7064,ハウテレビジョン,9.89,-15.17,PASS,地合いPANIC - 逆張り非推奨（続落リスク）,
2026-03-13,B,2776,新都ホールディングス,3.9,-10.81,PASS,地合いPANIC - 逆張り非推奨（続落リスク）,
2026-03-13,B,3358,Ｔｒａｉｌｈｅａｄ　Ｇｌｏｂａｌ　Ｈｏｌｄｉｎｇｓ,-7.13,-10.08,PASS,地合いPANIC - 逆張り非推奨（続落リスク）,
2026-03-13,B,4229,群栄化学工業,2.58,-8.73,PASS,地合いPANIC - 逆張り非推奨（続落リスク）,
2026-03-13,B,7435,ナ・デックス,3.17,-8.41,PASS,地合いPANIC - 逆張り非推奨（続落リスク）,
2026-03-13,B,6907,ジオマテック,9.05,-8.15,PASS,地合いPANIC - 逆張り非推奨（続落リスク）,
2026-03-13,B,2673,夢みつけ隊,-3.67,-7.43,PASS,地合いPANIC - 逆張り非推奨（続落リスク）,
2026-03-13,B,5013,ユシロ,-2.16,-6.99,PASS,地合いPANIC - 逆張り非推奨（続落リスク）,
2026-03-13,B,4596,窪田製薬ホールディングス,-1.16,-6.98,PASS,地合いPANIC - 逆張り非推奨（続落リスク）,
2026-03-13,B,153A,カウリス,-0.52,-6.18,PASS,地合いPANIC - 逆張り非推奨（続落リスク）,
2026-03-13,B,2531,宝ホールディングス,1.03,-5.97,PASS,地合いPANIC - 逆張り非推奨（続落リスク）,
2026-03-13,B,4833,Ｄｅｆ　ｃｏｎｓｕｌｔｉｎｇ,2.05,-5.48,PASS,地合いPANIC - 逆張り非推奨（続落リスク）,
2026-03-13,B,4885,室町ケミカル,-1.32,-5.36,PASS,地合いPANIC - 逆張り非推奨（続落リスク）,
2026-03-14,A,7640,トップカルチャー,10.0,12.74,PASS,地合いPANIC - 全見送り,
2026-03-14,A,7031,インバウンドテック,10.0,17.65,PASS,地合いPANIC - 全見送り,
2026-03-14,A,4664,アール・エス・シー,10.0,13.48,PASS,地合いPANIC - 全見送り,
2026-03-14,A,7435,ナ・デックス,10.0,13.4,PASS,地合いPANIC - 全見送り,
2026-03-14,A,4890,坪田ラボ,9.73,11.18,PASS,地合いPANIC - 全見送り,
2026-03-14,A,3624,アクセルマーク,9.64,10.92,PASS,地合いPANIC - 全見送り,
2026-03-14,A,9212,Ｇｒｅｅｎ　Ｅａｒｔｈ　Ｉｎｓｔｉｔｕｔｅ,9.45,10.35,PASS,地合いPANIC - 全見送り,
2026-03-14,A,5031,モイ,9.3,9.9,PASS,地合いPANIC - 全見送り,
2026-03-14,A,4031,片倉コープアグリ,9.13,9.39,PASS,地合いPANIC - 全見送り,
2026-03-14,A,9514,エフオン,9.12,9.37,PASS,地合いPANIC - 全見送り,
2026-03-14,A,6666,リバーエレテック,9.08,9.25,PASS,地合いPANIC - 全見送り,
2026-03-14,A,7064,ハウテレビジョン,8.48,7.44,PASS,地合いPANIC - 全見送り,
2026-03-14,A,7743,シード,8.25,6.74,PASS,地合いPANIC - 全見送り,
2026-03-14,A,5461,中部鋼鈑,8.23,6.68,PASS,地合いPANIC - 全見送り,
2026-03-14,A,2776,新都ホールディングス,8.09,6.27,PASS,地合いPANIC - 全見送り,
2026-03-14,A,1776,三井住建道路,8.02,6.05,PASS,地合いPANIC - 全見送り,
2026-03-14,A,9130,共栄タンカー,8.0,8.82,PASS,地合いPANIC - 全見送り,
2026-03-14,A,5032,ＡＮＹＣＯＬＯＲ,7.9,5.71,PASS,地合いPANIC - 全見送り,
2026-03-14,A,1844,大盛工業,7.83,5.5,PASS,地合いPANIC - 全見送り,
2026-03-14,A,2734,サーラコーポレーション,7.8,5.41,PASS,地合いPANIC - 全見送り,
2026-03-14,B,9556,ＩＮＴＬＯＯＰ,3.15,-16.79,PASS,地合いPANIC - 逆張り非推奨（続落リスク）,
2026-03-14,B,206A,ＰＲＩＳＭ　ＢｉｏＬａｂ,-1.76,-11.52,PASS,地合いPANIC - 逆張り非推奨（続落リスク）,
2026-03-14,B,7777,スリー・ディー・マトリックス,-0.38,-10.99,PASS,地合いPANIC - 逆張り非推奨（続落リスク）,
2026-03-14,B,9565,ＧＬＯＥ,2.87,-10.88,PASS,地合いPANIC - 逆張り非推奨（続落リスク）,
2026-03-14,B,4031,片倉コープアグリ,9.13,-10.35,PASS,地合いPANIC - 逆張り非推奨（続落リスク）,
2026-03-14,B,7064,ハウテレビジョン,8.48,-9.31,PASS,地合いPANIC - 逆張り非推奨（続落リスク）,
2026-03-14,B,7640,トップカルチャー,10.0,-8.73,PASS,地合いPANIC - 逆張り非推奨（続落リスク）,
2026-03-14,B,4664,アール・エス・シー,10.0,-7.05,PASS,地合いPANIC - 逆張り非推奨（続落リスク）,
2026-03-14,B,7692,アースインフィニティ,1.18,-5.66,PASS,地合いPANIC - 逆張り非推奨（続落リスク）,
2026-03-16,A,9212,Ｇｒｅｅｎ　Ｅａｒｔｈ　Ｉｎｓｔｉｔｕｔｅ,8.94,8.81,CAUTION,地合い軟調 - スコア高いが慎重に,
2026-03-16,A,206A,ＰＲＩＳＭ　ＢｉｏＬａｂ,8.93,8.8,CAUTION,地合い軟調 - スコア高いが慎重に,
2026-03-16,A,7692,アースインフィニティ,8.75,8.26,CAUTION,地合い軟調 - スコア高いが慎重に,
2026-03-16,A,9556,ＩＮＴＬＯＯＰ,8.74,8.21,CAUTION,地合い軟調 - スコア高いが慎重に,
2026-03-16,A,4438,Ｗｅｌｂｙ,8.32,6.95,CAUTION,地合い軟調 - スコア高いが慎重に,
2026-03-16,A,4664,アール・エス・シー,8.31,6.92,CAUTION,地合い軟調 - スコア高いが慎重に,
2026-03-16,A,4934,プレミアアンチエイジング,8.05,6.15,CAUTION,地合い軟調 - スコア高いが慎重に,
2026-03-16,A,4979,ＯＡＴアグリオ,7.95,5.85,PASS,地合いWEAK + スコア不十分(閾値8.0),
2026-03-16,A,7743,シード,7.86,5.59,PASS,地合いWEAK + スコア不十分(閾値8.0),
2026-03-16,A,1433,ベステラ,7.81,5.43,PASS,地合いWEAK + スコア不十分(閾値8.0),
2026-03-16,A,4031,片倉コープアグリ,7.8,5.39,PASS,地合いWEAK + スコア不十分(閾値8.0),
2026-03-16,A,9130,共栄タンカー,7.7,5.11,PASS,地合いWEAK + スコア不十分(閾値8.0),
2026-03-16,A,4890,坪田ラボ,7.67,8.83,PASS,地合いWEAK + スコア不十分(閾値8.0),
2026-03-16,A,2929,ファーマフーズ,7.64,4.93,PASS,地合いWEAK + スコア不十分(閾値8.0),
2026-03-16,A,3803,イメージ情報開発,7.57,4.71,PASS,地合いWEAK + スコア不十分(閾値8.0),
2026-03-16,A,9514,エフオン,7.55,4.66,PASS,地合いWEAK + スコア不十分(閾値8.0),
2026-03-16,A,8835,太平洋興発,7.53,4.6,PASS,地合いWEAK + スコア不十分(閾値8.0),
2026-03-16,A,7375,リファインバースグループ,7.46,4.39,PASS,地合いWEAK + スコア不十分(閾値8.0),
2026-03-16,A,6336,石井表記,7.46,4.38,PASS,地合いWEAK + スコア不十分(閾値8.0),
2026-03-16,A,4263,サスメド,7.45,5.18,PASS,地合いWEAK + スコア不十分(閾値8.0),
2026-03-16,B,7375,リファインバースグループ,7.46,-16.8,PASS,地合い軟調 + リバウンドスコア3点 - 見送り,
2026-03-16,B,3070,ジェリービーンズグループ,0.74,-14.29,CAUTION,地合い軟調だがリバウンド高(8点) 少額のみ / RSIやや低め(39) / 出来高急増(3.8倍)売り枯れ示唆 / MA25大幅下離れ(-16.8%),
2026-03-16,B,206A,ＰＲＩＳＭ　ＢｉｏＬａｂ,8.93,-8.76,PASS,地合い軟調 + リバウンドスコア3点 - 見送り,
2026-03-16,B,6656,インスペック,0.17,-7.91,PASS,地合い軟調 + リバウンドスコア5点 - 見送り,
2026-03-16,B,4438,Ｗｅｌｂｙ,8.32,-6.36,PASS,地合い軟調 + リバウンドスコア3点 - 見送り,
2026-03-16,B,3193,エターナルホスピタリティグループ,3.41,-5.92,CAUTION,地合い軟調だがリバウンド高(7点) 少額のみ / RSIやや低め(33) / 出来高急増(5.9倍)売り枯れ示唆 / MA25下離れ(-10.4%),
2026-03-16,B,4414,フレクト,1.77,-5.88,CAUTION,地合い軟調だがリバウンド高(7点) 少額のみ / RSI売られ過ぎ(25) / 出来高やや増(1.5倍) / MA25大幅下離れ(-16.9%),
2026-03-16,B,4431,スマレジ,3.86,-5.67,PASS,地合い軟調 + リバウンドスコア3点 - 見送り,
2026-03-16,B,3665,エニグモ,-1.29,-5.6,PASS,地合い軟調 + リバウンドスコア4点 - 見送り,
2026-03-17,A,9212,Ｇｒｅｅｎ　Ｅａｒｔｈ　Ｉｎｓｔｉｔｕｔｅ,8.94,8.81,BUY,スコア優良 + 地合い良好,
2026-03-17,A,206A,ＰＲＩＳＭ　ＢｉｏＬａｂ,8.93,8.8,BUY,スコア優良 + 地合い良好,
2026-03-17,A,7692,アースインフィニティ,8.75,8.26,BUY,スコア優良 + 地合い良好,
2026-03-17,A,9556,ＩＮＴＬＯＯＰ,8.74,8.21,BUY,スコア優良 + 地合い良好,
2026-03-17,A,4438,Ｗｅｌｂｙ,8.32,6.95,BUY,スコア優良 + 地合い良好,
2026-03-17,A,4664,アール・エス・シー,8.31,6.92,BUY,スコア優良 + 地合い良好,
2026-03-17,A,4934,プレミアアンチエイジング,8.05,6.15,BUY,スコア優良 + 地合い良好,
2026-03-17,A,4979,ＯＡＴアグリオ,7.95,5.85,BUY,スコア優良 + 地合い良好,
2026-03-17,A,7743,シード,7.86,5.59,BUY,スコア優良 + 地合い良好,
2026-03-17,A,1433,ベステラ,7.81,5.43,BUY,スコア優良 + 地合い良好,
2026-03-17,A,4031,片倉コープアグリ,7.8,5.39,BUY,スコア優良 + 地合い良好,
2026-03-17,A,9130,共栄タンカー,7.7,5.11,BUY,スコア優良 + 地合い良好,
2026-03-17,A,4890,坪田ラボ,7.67,8.83,BUY,スコア優良 + 地合い良好,
2026-03-17,A,2929,ファーマフーズ,7.64,4.93,BUY,スコア優良 + 地合い良好,
2026-03-17,A,3803,イメージ情報開発,7.57,4.71,BUY,スコア優良 + 地合い良好,
2026-03-17,A,9514,エフオン,7.55,4.66,BUY,スコア優良 + 地合い良好,
2026-03-17,A,8835,太平洋興発,7.53,4.6,BUY,スコア優良 + 地合い良好,
2026-03-17,A,7375,リファインバースグループ,7.46,4.39,PASS,地合いSTRONG + スコア不十分(閾値7.5),
2026-03-17,A,6336,石井表記,7.46,4.38,PASS,地合いSTRONG + スコア不十分(閾値7.5),
2026-03-17,A,4263,サスメド,7.45,5.18,PASS,地合いSTRONG + スコア不十分(閾値7.5),
2026-03-17,B,7375,リファインバースグループ,7.46,-16.8,PASS,リバウンドスコア低(3点) - 見送り,
2026-03-17,B,3070,ジェリービーンズグループ,0.74,-14.29,BUY,リバウンド期待大(8点) / RSIやや低め(39) / 出来高急増(3.8倍)売り枯れ示唆 / MA25大幅下離れ(-16.8%),
2026-03-17,B,206A,ＰＲＩＳＭ　ＢｉｏＬａｂ,8.93,-8.76,PASS,リバウンドスコア低(3点) - 見送り,
2026-03-17,B,6656,インスペック,0.17,-7.91,CAUTION,リバウンド中程度(5点) / RSIやや低め(40) / 出来高増加(2.1倍) / MA25やや下離れ(-9.4%),
2026-03-17,B,4438,Ｗｅｌｂｙ,8.32,-6.36,PASS,リバウンドスコア低(3点) - 見送り,
2026-03-17,B,3193,エターナルホスピタリティグループ,3.41,-5.92,BUY,リバウンド期待大(7点) / RSIやや低め(33) / 出来高急増(5.9倍)売り枯れ示唆 / MA25下離れ(-10.4%),
2026-03-17,B,4414,フレクト,1.77,-5.88,BUY,リバウンド期待大(7点) / RSI売られ過ぎ(25) / 出来高やや増(1.5倍) / MA25大幅下離れ(-16.9%),
2026-03-17,B,4431,スマレジ,3.86,-5.67,PASS,リバウンドスコア低(3点) - 見送り,
2026-03-17,B,3665,エニグモ,-1.29,-5.6,PASS,リバウンドスコア低(4点) - 見送り,
2026-03-18,A,3113,ＵＮＩＶＡ・Ｏａｋホールディングス,10.0,17.48,CAUTION,スコア過熱(9.0↑) - 逆行リスクあり,
2026-03-18,A,6190,フェニックスバイオ,10.0,13.53,CAUTION,スコア過熱(9.0↑) - 逆行リスクあり,
2026-03-18,A,9262,シルバーライフ,9.12,9.36,CAUTION,スコア過熱(9.0↑) - 逆行リスクあり,
2026-03-18,A,5965,フジマック,8.7,8.1,BUY,スコア優良 + 地合い良好,
2026-03-18,A,9959,アシードホールディングス,8.53,7.58,BUY,スコア優良 + 地合い良好,
2026-03-18,A,2286,林兼産業,8.34,7.03,BUY,スコア優良 + 地合い良好,
2026-03-18,A,3653,モルフォ,8.3,6.89,BUY,スコア優良 + 地合い良好,
2026-03-18,A,7183,あんしん保証,8.09,6.27,BUY,スコア優良 + 地合い良好,
2026-03-18,A,6387,サムコ,7.88,5.64,BUY,スコア優良 + 地合い良好,
2026-03-18,A,212A,フィットイージー,7.8,5.41,BUY,スコア優良 + 地合い良好,
2026-03-18,A,5889,Ｊａｐａｎ　Ｅｙｅｗｅａｒ　Ｈｏｌｄｉｎｇｓ,7.61,4.84,BUY,スコア優良 + 地合い良好,
2026-03-18,A,4369,トリケミカル研究所,7.6,4.81,BUY,スコア優良 + 地合い良好,
2026-03-18,A,3193,エターナルホスピタリティグループ,7.59,4.76,BUY,スコア優良 + 地合い良好,
2026-03-18,A,2929,ファーマフーズ,7.57,4.71,BUY,スコア優良 + 地合い良好,
2026-03-18,A,5352,黒崎播磨,7.54,5.3,BUY,スコア優良 + 地合い良好,
2026-03-18,A,7110,クラシコム,7.53,4.58,BUY,スコア優良 + 地合い良好,
2026-03-18,A,1429,日本アクア,7.27,3.8,PASS,地合いSTRONG + スコア不十分(閾値7.5),
2026-03-18,A,2695,くら寿司,7.17,3.51,PASS,地合いSTRONG + スコア不十分(閾値7.5),
2026-03-18,A,4025,多木化学,7.08,3.23,PASS,地合いSTRONG + スコア不十分(閾値7.5),
2026-03-18,A,4422,ＶＡＬＵＥＮＥＸ,7.04,3.12,PASS,地合いSTRONG + スコア不十分(閾値7.5),
2026-03-18,B,4588,オンコリスバイオファーマ,-0.64,-19.48,CAUTION,リバウンド中程度(5点) / RSI中立(47) / 出来高増加(2.4倍) / MA25下離れ(-10.1%),
2026-03-18,B,7777,スリー・ディー・マトリックス,2.82,-11.19,PASS,リバウンドスコア低(4点) - 見送り,
2026-03-18,B,4422,ＶＡＬＵＥＮＥＸ,7.04,-10.68,PASS,リバウンドスコア低(3点) - 見送り,
2026-03-18,B,6613,ＱＤレーザ,5.82,-10.49,PASS,リバウンドスコア低(3点) - 見送り,
2026-03-18,B,6330,東洋エンジニアリング,2.87,-10.16,CAUTION,リバウンド中程度(5点) / RSI中立(47) / 出来高やや増(1.9倍) / MA25大幅下離れ(-21.5%),
2026-03-18,B,6387,サムコ,7.88,-10.1,PASS,リバウンドスコア低(3点) - 見送り,
2026-03-18,B,8894,ＲＥＶＯＬＵＴＩＯＮ,-0.94,-8.93,PASS,リバウンドスコア低(4点) - 見送り,
2026-03-18,B,6264,マルマエ,-1.27,-8.9,PASS,リバウンドスコア低(3点) - 見送り,
2026-03-18,B,446A,ノースサンド,-1.89,-8.88,PASS,リバウンドスコア低(3点) - 見送り,
2026-03-18,B,4893,ノイルイミューン・バイオテック,3.76,-8.87,PASS,リバウンドスコア低(3点) - 見送り,
2026-03-18,B,228A,オプロ,-0.24,-8.56,PASS,リバウンドスコア低(4点) - 見送り,
2026-03-18,B,6855,日本電子材料,-1.8,-8.01,PASS,リバウンドスコア低(4点) - 見送り,
2026-03-18,B,5074,テスホールディングス,0.91,-7.93,PASS,リバウンドスコア低(3点) - 見送り,
2026-03-18,B,7409,ＡｅｒｏＥｄｇｅ,2.05,-7.89,CAUTION,リバウンド中程度(6点) / RSI売られ過ぎ(26) / MA25大幅下離れ(-15.2%),
2026-03-18,B,4596,窪田製薬ホールディングス,-2.3,-7.63,CAUTION,リバウンド中程度(5点) / RSIやや低め(32) / MA25大幅下離れ(-38.0%),
2026-03-18,B,2776,新都ホールディングス,3.36,-7.59,PASS,リバウンドスコア低(3点) - 見送り,
2026-03-18,B,5216,倉元製作所,-1.25,-7.22,PASS,リバウンドスコア低(4点) - 見送り,
2026-03-18,B,5715,古河機械金属,5.55,-7.19,CAUTION,リバウンド中程度(5点) / RSI売られ過ぎ(25) / MA25下離れ(-14.3%),
2026-03-18,B,3103,ユニチカ,-2.74,-6.86,PASS,リバウンドスコア低(3点) - 見送り,
2026-03-18,B,3113,ＵＮＩＶＡ・Ｏａｋホールディングス,10.0,-6.74,PASS,リバウンドスコア低(3点) - 見送り,
2026-03-18,B,4047,関東電化工業,-0.31,-6.7,PASS,リバウンドスコア低(3点) - 見送り,
2026-03-18,B,6590,芝浦メカトロニクス,1.18,-6.49,BUY,リバウンド期待大(7点) / RSI極度売られ過ぎ(10) / MA25大幅下離れ(-72.6%),
2026-03-18,B,7771,日本精密,-4.35,-6.36,PASS,リバウンドスコア低(3点) - 見送り,
2026-03-18,B,6840,ＡＫＩＢＡホールディングス,0.69,-6.26,PASS,リバウンドスコア低(4点) - 見送り,
2026-03-18,B,3997,トレードワークス,-1.31,-6.21,CAUTION,リバウンド中程度(6点) / RSI売られ過ぎ(22) / MA25大幅下離れ(-17.7%),
2026-03-18,B,264A,Ｓｃｈｏｏ,3.31,-6.18,CAUTION,リバウンド中程度(6点) / RSI中立(46) / 出来高急増(6.4倍)売り枯れ示唆 / MA25下離れ(-14.1%),
2026-03-18,B,3905,データセクション,-0.97,-5.95,CAUTION,リバウンド中程度(5点) / RSI売られ過ぎ(25) / MA25下離れ(-14.9%),
2026-03-18,B,6580,ライトアップ,-0.43,-5.65,PASS,リバウンドスコア低(4点) - 見送り,
2026-03-18,B,6226,守谷輸送機工業,2.75,-5.62,CAUTION,リバウンド中程度(6点) / RSI売られ過ぎ(26) / MA25大幅下離れ(-22.1%),
2026-03-18,B,7743,シード,3.73,-5.46,PASS,リバウンドスコア低(3点) - 見送り,
2026-03-18,B,7729,東京精密,0.12,-5.45,PASS,リバウンドスコア低(4点) - 見送り,
2026-03-18,B,7138,ＴＯＲＩＣＯ,0.04,-5.38,CAUTION,リバウンド中程度(5点) / RSI売られ過ぎ(21) / MA25下離れ(-11.4%),
2026-03-18,B,2983,アールプランナー,3.35,-5.34,BUY,リバウンド期待大(7点) / RSIやや低め(35) / 出来高急増(4.3倍)売り枯れ示唆 / MA25下離れ(-14.7%),
2026-03-18,B,6315,ＴＯＷＡ,-0.63,-5.33,PASS,リバウンドスコア低(4点) - 見送り,
2026-03-18,B,1885,東亜建設工業,2.46,-5.27,CAUTION,リバウンド中程度(5点) / RSI売られ過ぎ(23) / MA25下離れ(-14.8%),
2026-03-18,B,4228,積水化成品工業,2.12,-5.06,PASS,リバウンドスコア低(3点) - 見送り,
2026-03-18,B,6146,ディスコ,-0.79,-5.03,PASS,リバウンドスコア低(3点) - 見送り,
2026-03-19,A,5603,虹技,10.0,17.21,CAUTION,スコア過熱(9.0↑) - 逆行リスクあり,
2026-03-19,A,4422,ＶＡＬＵＥＮＥＸ,8.34,7.02,BUY,スコア優良 + 地合い良好,
2026-03-19,A,9235,売れるネット広告社グループ,8.31,6.92,BUY,スコア優良 + 地合い良好,
2026-03-19,A,6955,ＦＤＫ,8.21,6.64,BUY,スコア優良 + 地合い良好,
2026-03-19,A,4888,ステラファーマ,8.09,6.28,BUY,スコア優良 + 地合い良好,
2026-03-19,A,4892,サイフューズ,7.79,5.36,BUY,スコア優良 + 地合い良好,
2026-03-19,A,446A,ノースサンド,7.78,6.01,BUY,スコア優良 + 地合い良好,
2026-03-19,A,4929,アジュバンホールディングス,7.75,5.26,BUY,スコア優良 + 地合い良好,
2026-03-19,A,6699,ダイヤモンドエレクトリックホールディングス,7.69,5.08,BUY,スコア優良 + 地合い良好,
2026-03-19,A,9279,ギフトホールディングス,7.67,5.02,BUY,スコア優良 + 地合い良好,
2026-03-19,A,2673,夢みつけ隊,7.63,4.88,BUY,スコア優良 + 地合い良好,
2026-03-19,A,5933,アルインコ,7.38,4.14,PASS,地合いNORMAL + スコア不十分(閾値7.5),
2026-03-19,A,5852,アーレスティ,7.36,4.08,PASS,地合いNORMAL + スコア不十分(閾値7.5),
2026-03-19,A,4346,ＮＥＸＹＺ．Ｇｒｏｕｐ,7.28,3.85,PASS,地合いNORMAL + スコア不十分(閾値7.5),
2026-03-19,A,3070,ジェリービーンズグループ,7.28,3.83,PASS,地合いNORMAL + スコア不十分(閾値7.5),
2026-03-19,A,456A,ＨＵＭＡＮ　ＭＡＤＥ,7.25,3.75,PASS,地合いNORMAL + スコア不十分(閾値7.5),
2026-03-19,A,2983,アールプランナー,7.21,3.64,PASS,地合いNORMAL + スコア不十分(閾値7.5),
2026-03-19,A,254A,ＡＩフュージョンキャピタルグループ,7.16,3.48,PASS,地合いNORMAL + スコア不十分(閾値7.5),
2026-03-19,A,8894,ＲＥＶＯＬＵＴＩＯＮ,7.09,3.28,PASS,地合いNORMAL + スコア不十分(閾値7.5),
2026-03-19,A,3113,ＵＮＩＶＡ・Ｏａｋホールディングス,7.07,3.22,PASS,地合いNORMAL + スコア不十分(閾値7.5),
2026-03-19,B,2656,ベクターホールディングス,8.54,-22.73,PASS,暴落-20%超 + リバウンドスコア3点 - 見送り,
2026-03-19,B,4881,ファンペップ,5.8,-13.82,PASS,リバウンドスコア低(3点) - 見送り,
2026-03-19,B,3803,イメージ情報開発,5.39,-10.27,PASS,リバウンドスコア低(3点) - 見送り,
2026-03-19,B,4625,アトミクス,6.96,-9.62,PASS,リバウンドスコア低(3点) - 見送り,
2026-03-19,B,9237,笑美面,5.42,-7.51,BUY,リバウンド期待大(8点) / RSI売られ過ぎ(28) / 出来高急増(24.8倍)売り枯れ示唆 / MA25下離れ(-14.4%),
2026-03-19,B,4813,ＡＣＣＥＳＳ,4.9,-6.14,PASS,リバウンドスコア低(3点) - 見送り,
2026-03-19,B,2778,パレモ・ホールディングス,-0.32,-5.93,BUY,リバウンド期待大(8点) / RSI極度売られ過ぎ(19) / 出来高増加(2.2倍) / MA25下離れ(-13.8%),
2026-03-19,B,3657,ポールトゥウィンホールディングス,1.79,-5.84,CAUTION,リバウンド中程度(6点) / RSIやや低め(38) / 出来高急増(4.1倍)売り枯れ示唆 / MA25やや下離れ(-5.4%),
2026-03-19,B,3491,ＧＡ　ｔｅｃｈｎｏｌｏｇｉｅｓ,1.86,-5.21,BUY,リバウンド期待大(9点) / RSI売られ過ぎ(26) / 出来高急増(5.6倍)売り枯れ示唆 / MA25大幅下離れ(-15.5%),
2026-03-19,B,5248,テクノロジーズ,-1.21,-5.21,PASS,リバウンドスコア低(4点) - 見送り,
2026-03-19,B,7383,ネットプロテクションズホールディングス,-2.13,-5.11,BUY,リバウンド期待大(8点) / RSIやや低め(33) / 出来高急増(3.6倍)売り枯れ示唆 / MA25大幅下離れ(-19.2%),
2026-03-23,A,4265,Ｉｎｓｔｉｔｕｔｉｏｎ　ｆｏｒ　ａ　Ｇｌｏｂａｌ　Ｓｏｃｉｅｔｙ,10.0,16.48,PASS,地合いPANIC - 全見送り,
2026-03-23,A,2656,ベクターホールディングス,10.0,14.51,PASS,地合いPANIC - 全見送り,
2026-03-23,A,9237,笑美面,9.75,11.25,PASS,地合いPANIC - 全見送り,
2026-03-23,A,6699,ダイヤモンドエレクトリックホールディングス,9.47,10.4,PASS,地合いPANIC - 全見送り,
2026-03-23,A,4625,アトミクス,9.08,9.25,PASS,地合いPANIC - 全見送り,
2026-03-23,A,2734,サーラコーポレーション,8.15,7.07,PASS,地合いPANIC - 全見送り,
2026-03-23,A,4813,ＡＣＣＥＳＳ,7.73,5.2,PASS,地合いPANIC - 全見送り,
2026-03-23,A,6955,ＦＤＫ,7.64,4.91,PASS,地合いPANIC - 全見送り,
2026-03-23,A,5136,ｔｒｉｐｌａ,7.55,4.65,PASS,地合いPANIC - 全見送り,
2026-03-23,A,3491,ＧＡ　ｔｅｃｈｎｏｌｏｇｉｅｓ,7.52,4.57,PASS,地合いPANIC - 全見送り,
2026-03-23,A,3565,アセンテック,7.42,4.26,PASS,地合いPANIC - 全見送り,
2026-03-23,A,4880,セルソース,7.24,3.73,PASS,地合いPANIC - 全見送り,
2026-03-23,A,4512,わかもと製薬,7.24,3.71,PASS,地合いPANIC - 全見送り,
2026-03-23,A,5603,虹技,7.23,3.69,PASS,地合いPANIC - 全見送り,
2026-03-23,A,3415,ＴＯＫＹＯ　ＢＡＳＥ,7.16,3.53,PASS,地合いPANIC - 全見送り,
2026-03-23,A,8624,いちよし証券,7.13,3.39,PASS,地合いPANIC - 全見送り,
2026-03-23,A,9104,商船三井,7.13,3.38,PASS,地合いPANIC - 全見送り,
2026-03-23,A,9743,丹青社,7.04,3.12,PASS,地合いPANIC - 全見送り,
2026-03-23,A,3657,ポールトゥウィンホールディングス,6.99,3.56,PASS,地合いPANIC - 全見送り,
2026-03-23,A,7901,マツモト,6.87,2.61,PASS,地合いPANIC - 全見送り,
2026-03-23,B,4422,ＶＡＬＵＥＮＥＸ,7.61,-14.41,PASS,地合いPANIC - 逆張り非推奨（続落リスク）,
2026-03-23,B,4341,西菱電機,6.73,-14.29,PASS,地合いPANIC - 逆張り非推奨（続落リスク）,
2026-03-23,B,4893,ノイルイミューン・バイオテック,2.07,-14.12,PASS,地合いPANIC - 逆張り非推奨（続落リスク）,
2026-03-23,B,5304,ＳＥＣカーボン,-3.81,-12.11,PASS,地合いPANIC - 逆張り非推奨（続落リスク）,
2026-03-23,B,6335,東京機械製作所,1.44,-11.48,PASS,地合いPANIC - 逆張り非推奨（続落リスク）,
2026-03-23,B,6072,地盤ネットホールディングス,-1.85,-10.44,PASS,地合いPANIC - 逆張り非推奨（続落リスク）,
2026-03-23,B,6721,ウインテスト,-0.51,-9.92,PASS,地合いPANIC - 逆張り非推奨（続落リスク）,
2026-03-23,B,9888,ＵＥＸ,3.85,-9.55,PASS,地合いPANIC - 逆張り非推奨（続落リスク）,
2026-03-23,B,264A,Ｓｃｈｏｏ,1.11,-9.33,PASS,地合いPANIC - 逆張り非推奨（続落リスク）,
2026-03-23,B,9959,アシードホールディングス,1.45,-9.17,PASS,地合いPANIC - 逆張り非推奨（続落リスク）,
2026-03-23,B,6907,ジオマテック,-5.12,-8.22,PASS,地合いPANIC - 逆張り非推奨（続落リスク）,
2026-03-23,B,2330,フォーサイド,5.55,-8.06,PASS,地合いPANIC - 逆張り非推奨（続落リスク）,
2026-03-23,B,7615,京都きもの友禅ホールディングス,0.63,-8.0,PASS,地合いPANIC - 逆張り非推奨（続落リスク）,
2026-03-23,B,4885,室町ケミカル,0.68,-7.65,PASS,地合いPANIC - 逆張り非推奨（続落リスク）,
2026-03-23,B,6620,宮越ホールディングス,-0.9,-7.54,PASS,地合いPANIC - 逆張り非推奨（続落リスク）,
2026-03-23,B,4889,レナサイエンス,-0.73,-7.45,PASS,地合いPANIC - 逆張り非推奨（続落リスク）,
2026-03-23,B,5010,日本精蝋,3.08,-7.17,PASS,地合いPANIC - 逆張り非推奨（続落リスク）,
2026-03-23,B,3692,ＦＦＲＩセキュリティ,-0.78,-7.08,PASS,地合いPANIC - 逆張り非推奨（続落リスク）,
2026-03-23,B,7383,ネットプロテクションズホールディングス,7.07,-6.9,PASS,地合いPANIC - 逆張り非推奨（続落リスク）,
2026-03-23,B,206A,ＰＲＩＳＭ　ＢｉｏＬａｂ,-3.76,-6.7,PASS,地合いPANIC - 逆張り非推奨（続落リスク）,
2026-03-23,B,7955,クリナップ,-1.15,-6.69,PASS,地合いPANIC - 逆張り非推奨（続落リスク）,
2026-03-23,B,278A,Ｔｅｒｒａ　Ｄｒｏｎｅ,6.47,-6.67,PASS,地合いPANIC - 逆張り非推奨（続落リスク）,
2026-03-23,B,2183,リニカル,-1.61,-6.67,PASS,地合いPANIC - 逆張り非推奨（続落リスク）,
2026-03-23,B,4027,テイカ,-2.94,-6.44,PASS,地合いPANIC - 逆張り非推奨（続落リスク）,
2026-03-23,B,6366,千代田化工建設,6.78,-6.29,PASS,地合いPANIC - 逆張り非推奨（続落リスク）,
2026-03-23,B,3189,ＡＮＡＰホールディングス,0.17,-6.25,PASS,地合いPANIC - 逆張り非推奨（続落リスク）,
2026-03-23,B,3946,トーモク,-0.51,-6.25,PASS,地合いPANIC - 逆張り非推奨（続落リスク）,
2026-03-23,B,6840,ＡＫＩＢＡホールディングス,1.75,-6.09,PASS,地合いPANIC - 逆張り非推奨（続落リスク）,
2026-03-23,B,3185,夢展望,-1.55,-6.0,PASS,地合いPANIC - 逆張り非推奨（続落リスク）,
2026-03-23,B,3891,ニッポン高度紙工業,-2.34,-5.8,PASS,地合いPANIC - 逆張り非推奨（続落リスク）,
2026-03-23,B,4591,リボミック,-3.8,-5.71,PASS,地合いPANIC - 逆張り非推奨（続落リスク）,
2026-03-23,B,3941,レンゴー,-1.51,-5.68,PASS,地合いPANIC - 逆張り非推奨（続落リスク）,
2026-03-23,B,3441,山王,9.96,-5.66,PASS,地合いPANIC - 逆張り非推奨（続落リスク）,
2026-03-23,B,325A,ＴＥＮＴＩＡＬ,-0.12,-5.57,PASS,地合いPANIC - 逆張り非推奨（続落リスク）,
2026-03-23,B,4587,ペプチドリーム,-1.59,-5.52,PASS,地合いPANIC - 逆張り非推奨（続落リスク）,
2026-03-23,B,2778,パレモ・ホールディングス,6.66,-5.51,PASS,地合いPANIC - 逆張り非推奨（続落リスク）,
2026-03-23,B,3186,ネクステージ,-2.83,-5.5,PASS,地合いPANIC - 逆張り非推奨（続落リスク）,
2026-03-23,B,5255,モンスターラボ,4.5,-5.5,PASS,地合いPANIC - 逆張り非推奨（続落リスク）,
2026-03-23,B,4022,ラサ工業,-1.25,-5.5,PASS,地合いPANIC - 逆張り非推奨（続落リスク）,
2026-03-23,B,4013,勤次郎,1.94,-5.49,PASS,地合いPANIC - 逆張り非推奨（続落リスク）,
2026-03-23,B,7810,クロスフォー,6.34,-5.47,PASS,地合いPANIC - 逆張り非推奨（続落リスク）,
2026-03-23,B,7794,イーディーピー,-0.84,-5.46,PASS,地合いPANIC - 逆張り非推奨（続落リスク）,
2026-03-23,B,8923,トーセイ,-2.16,-5.37,PASS,地合いPANIC - 逆張り非推奨（続落リスク）,
2026-03-23,B,9501,東京電力ホールディングス,3.81,-5.33,PASS,地合いPANIC - 逆張り非推奨（続落リスク）,
2026-03-23,B,5233,太平洋セメント,-1.19,-5.16,PASS,地合いPANIC - 逆張り非推奨（続落リスク）,
2026-03-23,B,338A,ＺｅｎｍｕＴｅｃｈ,0.47,-5.12,PASS,地合いPANIC - 逆張り非推奨（続落リスク）,
2026-03-23,B,4418,ＪＤＳＣ,-2.25,-5.12,PASS,地合いPANIC - 逆張り非推奨（続落リスク）,
2026-03-23,B,7022,サノヤスホールディングス,0.42,-5.1,PASS,地合いPANIC - 逆張り非推奨（続落リスク）,
2026-03-23,B,6482,ＹＵＳＨＩＮ,-1.07,-5.08,PASS,地合いPANIC - 逆張り非推奨（続落リスク）,
2026-03-23,B,4064,日本カーバイド工業,-1.06,-5.04,PASS,地合いPANIC - 逆張り非推奨（続落リスク）,
2026-03-23,B,4046,大阪ソーダ,1.44,-5.02,PASS,地合いPANIC - 逆張り非推奨（続落リスク）,
2026-03-24,A,6522,アスタリスク,10.0,18.5,CAUTION,スコア過熱(9.0↑) - 逆行リスクあり,
2026-03-24,A,6335,東京機械製作所,10.0,13.52,CAUTION,スコア過熱(9.0↑) - 逆行リスクあり,
2026-03-24,A,4169,ＥＮＥＣＨＡＮＧＥ,10.0,12.92,CAUTION,スコア過熱(9.0↑) - 逆行リスクあり,
2026-03-24,A,7375,リファインバースグループ,9.51,10.52,CAUTION,スコア過熱(9.0↑) - 逆行リスクあり,
2026-03-24,A,2195,アミタホールディングス,9.31,9.93,CAUTION,スコア過熱(9.0↑) - 逆行リスクあり,
2026-03-24,A,3238,セントラル総合開発,9.3,9.91,CAUTION,スコア過熱(9.0↑) - 逆行リスクあり,
2026-03-24,A,2183,リニカル,8.77,8.31,BUY,スコア優良 + 地合い良好,
2026-03-24,A,6378,木村化工機,8.56,7.67,BUY,スコア優良 + 地合い良好,
2026-03-24,A,7157,ライフネット生命保険,8.5,7.5,BUY,スコア優良 + 地合い良好,
2026-03-24,A,296A,令和アカウンティング・ホールディングス,8.13,6.39,BUY,スコア優良 + 地合い良好,
2026-03-24,A,9438,エムティーアイ,7.99,5.98,BUY,スコア優良 + 地合い良好,
2026-03-24,A,3964,オークネット,7.93,5.8,BUY,スコア優良 + 地合い良好,
2026-03-24,A,3835,ｅＢＡＳＥ,7.93,5.79,BUY,スコア優良 + 地合い良好,
2026-03-24,A,8877,エスリード,7.92,5.75,BUY,スコア優良 + 地合い良好,
2026-03-24,A,5932,三協立山,7.83,5.48,BUY,スコア優良 + 地合い良好,
2026-03-24,A,5304,ＳＥＣカーボン,7.73,5.2,BUY,スコア優良 + 地合い良好,
2026-03-24,A,9237,笑美面,7.71,5.13,BUY,スコア優良 + 地合い良好,
2026-03-24,A,8923,トーセイ,7.42,4.25,PASS,地合いSTRONG + スコア不十分(閾値7.5),
2026-03-24,A,7615,京都きもの友禅ホールディングス,7.39,4.16,PASS,地合いSTRONG + スコア不十分(閾値7.5),
2026-03-24,A,2471,エスプール,7.38,4.13,PASS,地合いSTRONG + スコア不十分(閾値7.5),
2026-03-24,B,5162,朝日ラバー,5.34,-22.64,PASS,暴落-20%超 + リバウンドスコア3点 - 見送り,
2026-03-24,B,5341,ＡＳＡＨＩ　ＥＩＴＯホールディングス,0.75,-12.24,BUY,リバウンド期待大(8点) / RSI売られ過ぎ(21) / 出来高急増(29.1倍)売り枯れ示唆 / MA25下離れ(-13.0%),
2026-03-24,B,1443,技研ホールディングス,-0.6,-11.68,BUY,リバウンド期待大(7点) / RSIやや低め(34) / 出来高急増(16.6倍)売り枯れ示唆 / MA25下離れ(-10.1%),
2026-03-24,B,9342,スマサポ,1.95,-11.65,BUY,リバウンド期待大(10点) / RSI極度売られ過ぎ(3) / 出来高急増(38.3倍)売り枯れ示唆 / MA25大幅下離れ(-26.0%),
2026-03-24,B,4427,ＥｄｕＬａｂ,10.0,-10.96,CAUTION,リバウンド中程度(5点) / RSI中立(40) / 出来高急増(3.3倍)売り枯れ示唆 / MA25やや下離れ(-9.6%),
2026-03-24,B,6330,東洋エンジニアリング,1.45,-10.74,PASS,リバウンドスコア低(4点) - 見送り,
2026-03-24,B,6433,ヒーハイスト,2.06,-10.46,CAUTION,リバウンド中程度(5点) / RSIやや低め(36) / MA25大幅下離れ(-20.9%),
2026-03-24,B,7946,光陽社,8.19,-10.44,BUY,リバウンド期待大(10点) / RSI極度売られ過ぎ(20) / 出来高急増(11.1倍)売り枯れ示唆 / MA25大幅下離れ(-57.3%),
2026-03-24,B,5587,インバウンドプラットフォーム,-2.52,-9.43,BUY,リバウンド期待大(10点) / RSI極度売られ過ぎ(14) / 出来高急増(3.6倍)売り枯れ示唆 / MA25大幅下離れ(-24.7%),
2026-03-24,B,336A,ダイナミックマッププラットフォーム,-0.99,-8.54,PASS,リバウンドスコア低(4点) - 見送り,
2026-03-24,B,218A,Ｌｉｂｅｒａｗａｒｅ,-1.54,-7.96,PASS,リバウンドスコア低(3点) - 見送り,
2026-03-24,B,3905,データセクション,0.66,-7.85,BUY,リバウンド期待大(7点) / RSI売られ過ぎ(21) / 出来高やや増(1.7倍) / MA25大幅下離れ(-26.5%),
2026-03-24,B,5253,カバー,1.21,-7.78,BUY,リバウンド期待大(7点) / RSIやや低め(39) / 出来高急増(3.2倍)売り枯れ示唆 / MA25下離れ(-13.6%),
2026-03-24,B,7721,東京計器,0.96,-7.49,PASS,リバウンドスコア低(4点) - 見送り,
2026-03-24,B,6771,池上通信機,0.67,-7.39,PASS,リバウンドスコア低(4点) - 見送り,
2026-03-24,B,4918,アイビー化粧品,-7.11,-7.37,BUY,リバウンド期待大(8点) / RSI売られ過ぎ(27) / 出来高急増(3.5倍)売り枯れ示唆 / MA25下離れ(-12.0%),
2026-03-24,B,6239,ナガオカ,8.55,-7.29,PASS,リバウンドスコア低(3点) - 見送り,
2026-03-24,B,3103,ユニチカ,1.27,-7.2,PASS,リバウンドスコア低(3点) - 見送り,
2026-03-24,B,4464,ソフト９９コーポレーション,-5.9,-7.12,BUY,リバウンド期待大(8点) / RSI極度売られ過ぎ(6) / 出来高急増(9.5倍)売り枯れ示唆 / MA25やや下離れ(-9.1%),
2026-03-24,B,6081,アライドアーキテクツ,1.53,-7.0,CAUTION,リバウンド中程度(6点) / RSI売られ過ぎ(25) / MA25大幅下離れ(-23.9%),
2026-03-24,B,8105,Ｂｉｔｃｏｉｎ　Ｊａｐａｎ,-1.61,-6.74,CAUTION,リバウンド中程度(5点) / RSIやや低め(31) / MA25大幅下離れ(-21.6%),
2026-03-24,B,3652,ディジタルメディアプロフェッショナル,1.98,-6.67,BUY,リバウンド期待大(7点) / RSI売られ過ぎ(29) / 出来高増加(2.5倍) / MA25下離れ(-10.5%),
2026-03-24,B,3691,デジタルプラス,0.3,-6.4,BUY,リバウンド期待大(8点) / RSI売られ過ぎ(25) / 出来高増加(2.0倍) / MA25大幅下離れ(-15.6%),
2026-03-24,B,5010,日本精蝋,5.38,-6.23,PASS,リバウンドスコア低(4点) - 見送り,
2026-03-24,B,4576,デ・ウエスタン・セラピテクス研究所,3.6,-6.12,CAUTION,リバウンド中程度(5点) / RSIやや低め(37) / 出来高増加(2.5倍) / MA25やや下離れ(-8.3%),
2026-03-24,B,4970,東洋合成工業,-0.78,-6.03,CAUTION,リバウンド中程度(5点) / RSI売られ過ぎ(26) / MA25下離れ(-13.6%),
2026-03-24,B,6495,宮入バルブ製作所,0.65,-5.71,PASS,リバウンドスコア低(3点) - 見送り,
2026-03-24,B,2666,オートウェーブ,0.09,-5.7,BUY,リバウンド期待大(9点) / RSI極度売られ過ぎ(15) / 出来高急増(8.9倍)売り枯れ示唆 / MA25下離れ(-12.9%),
2026-03-24,B,7707,プレシジョン・システム・サイエンス,2.74,-5.5,PASS,リバウンドスコア低(4点) - 見送り,
2026-03-24,B,3963,シンクロ・フード,-2.46,-5.47,CAUTION,リバウンド中程度(6点) / RSI売られ過ぎ(28) / 出来高やや増(1.5倍) / MA25下離れ(-13.8%),
2026-03-24,B,6626,ＳＥＭＩＴＥＣ,0.12,-5.46,BUY,リバウンド期待大(7点) / RSI極度売られ過ぎ(14) / 出来高増加(2.0倍) / MA25やや下離れ(-9.7%),
2026-03-24,B,7280,ミツバ,0.46,-5.44,CAUTION,リバウンド中程度(6点) / RSI売られ過ぎ(23) / MA25大幅下離れ(-15.9%),
2026-03-24,B,6217,津田駒工業,1.52,-5.36,CAUTION,リバウンド中程度(5点) / RSIやや低め(35) / MA25大幅下離れ(-17.4%),
2026-03-24,B,6907,ジオマテック,2.82,-5.36,BUY,リバウンド期待大(7点) / RSI極度売られ過ぎ(18) / MA25大幅下離れ(-30.6%),
2026-03-24,B,4382,ＨＥＲＯＺ,-0.98,-5.35,PASS,リバウンドスコア低(3点) - 見送り,
2026-03-24,B,7061,日本ホスピスホールディングス,-3.83,-5.33,CAUTION,リバウンド中程度(6点) / RSI売られ過ぎ(27) / MA25大幅下離れ(-18.3%),
2026-03-24,B,2173,博展,-1.04,-5.32,PASS,リバウンドスコア低(4点) - 見送り,
2026-03-24,B,3315,日本コークス工業,-2.78,-5.26,PASS,リバウンドスコア低(3点) - 見送り,
2026-03-24,B,4960,ケミプロ化成,-4.07,-5.21,CAUTION,リバウンド中程度(5点) / RSIやや低め(36) / MA25大幅下離れ(-15.1%),
2026-03-24,B,6905,コーセル,4.37,-5.21,CAUTION,リバウンド中程度(6点) / RSI極度売られ過ぎ(17) / MA25下離れ(-10.1%),
2026-03-24,B,9467,アルファポリス,0.2,-5.17,CAUTION,リバウンド中程度(5点) / RSI中立(42) / 出来高増加(2.3倍) / MA25下離れ(-12.6%),
2026-03-24,B,7003,三井Ｅ＆Ｓ,2.57,-5.15,CAUTION,リバウンド中程度(5点) / RSI売られ過ぎ(30) / MA25下離れ(-14.2%),
2026-03-24,B,8914,エリアリンク,-0.9,-5.12,PASS,リバウンドスコア低(3点) - 見送り,
2026-03-24,B,281A,インフォメティス,9.59,-5.08,PASS,リバウンドスコア低(3点) - 見送り,
2026-03-24,B,7013,ＩＨＩ,-0.18,-5.06,PASS,リバウンドスコア低(4点) - 見送り,
2026-03-24,B,5139,オープンワーク,2.92,-5.01,PASS,リバウンドスコア低(3点) - 見送り,
2026-03-24,B,7692,アースインフィニティ,-4.99,-5.0,CAUTION,リバウンド中程度(5点) / RSIやや低め(36) / 出来高増加(2.3倍) / MA25やや下離れ(-7.2%),
2026-03-25,A,2195,アミタホールディングス,10.0,16.57,CAUTION,スコア過熱(9.0↑) - 逆行リスクあり,
2026-03-25,A,5162,朝日ラバー,10.0,15.61,CAUTION,スコア過熱(9.0↑) - 逆行リスクあり,
2026-03-25,A,9342,スマサポ,10.0,13.88,CAUTION,スコア過熱(9.0↑) - 逆行リスクあり,
2026-03-25,A,149A,シンカ,9.69,11.06,CAUTION,スコア過熱(9.0↑) - 逆行リスクあり,
2026-03-25,A,3011,バナーズ,9.66,10.97,CAUTION,スコア過熱(9.0↑) - 逆行リスクあり,
2026-03-25,A,7066,ピアズ,9.51,10.52,CAUTION,スコア過熱(9.0↑) - 逆行リスクあり,
2026-03-25,A,1443,技研ホールディングス,9.24,9.73,CAUTION,スコア過熱(9.0↑) - 逆行リスクあり,
2026-03-25,A,281A,インフォメティス,8.82,8.46,BUY,スコア優良 + 地合い良好,
2026-03-25,A,8835,太平洋興発,8.56,7.69,BUY,スコア優良 + 地合い良好,
2026-03-25,A,3077,ホリイフードサービス,8.01,6.03,BUY,スコア優良 + 地合い良好,
2026-03-25,A,6094,フリークアウト・ホールディングス,7.74,5.23,BUY,スコア優良 + 地合い良好,
2026-03-25,A,4097,高圧ガス工業,7.74,5.23,BUY,スコア優良 + 地合い良好,
2026-03-25,A,7743,シード,7.67,6.13,BUY,スコア優良 + 地合い良好,
2026-03-25,A,7375,リファインバースグループ,7.67,5.01,BUY,スコア優良 + 地合い良好,
2026-03-25,A,4169,ＥＮＥＣＨＡＮＧＥ,7.42,4.27,PASS,地合いNORMAL + スコア不十分(閾値7.5),
2026-03-25,A,8281,ゼビオホールディングス,7.23,3.7,PASS,地合いNORMAL + スコア不十分(閾値7.5),
2026-03-25,A,6378,木村化工機,7.21,3.63,PASS,地合いNORMAL + スコア不十分(閾値7.5),
2026-03-25,A,8707,岩井コスモホールディングス,7.12,3.35,PASS,地合いNORMAL + スコア不十分(閾値7.5),
2026-03-25,A,410A,ＧＭＯコマース,7.02,3.06,PASS,地合いNORMAL + スコア不十分(閾値7.5),
2026-03-25,A,5253,カバー,7.0,3.01,PASS,地合いNORMAL + スコア不十分(閾値7.5),
2026-03-25,B,6330,東洋エンジニアリング,1.08,-15.48,CAUTION,リバウンド中程度(6点) / RSI中立(42) / 出来高増加(2.6倍) / MA25大幅下離れ(-26.8%),
2026-03-25,B,9742,アイネス,7.56,-12.97,CAUTION,リバウンド中程度(6点) / RSIやや低め(37) / 出来高急増(3.5倍)売り枯れ示唆 / MA25やや下離れ(-8.3%),
2026-03-25,B,6522,アスタリスク,5.34,-10.47,PASS,リバウンドスコア低(3点) - 見送り,
2026-03-25,B,478A,フツパー,0.19,-10.3,CAUTION,リバウンド中程度(5点) / RSI中立(49) / 出来高増加(2.1倍) / MA25下離れ(-10.1%),
2026-03-25,B,7946,光陽社,8.38,-8.28,BUY,リバウンド期待大(10点) / RSI極度売られ過ぎ(6) / 出来高急増(3.7倍)売り枯れ示唆 / MA25大幅下離れ(-64.0%),
2026-03-25,B,7014,名村造船所,1.3,-7.99,CAUTION,リバウンド中程度(6点) / RSI売られ過ぎ(21) / MA25大幅下離れ(-16.4%),
2026-03-25,B,3103,ユニチカ,0.49,-7.77,PASS,リバウンドスコア低(3点) - 見送り,
2026-03-25,B,4316,ビーマップ,1.2,-7.69,PASS,リバウンドスコア低(4点) - 見送り,
2026-03-25,B,2962,テクニスコ,-5.72,-7.29,CAUTION,リバウンド中程度(5点) / RSI売られ過ぎ(21) / MA25下離れ(-13.2%),
2026-03-25,B,7794,イーディーピー,-1.48,-7.11,CAUTION,リバウンド中程度(6点) / RSI売られ過ぎ(26) / MA25大幅下離れ(-26.1%),
2026-03-25,B,3070,ジェリービーンズグループ,-3.35,-6.45,PASS,リバウンドスコア低(3点) - 見送り,
2026-03-25,B,9127,玉井商船,6.78,-6.41,CAUTION,リバウンド中程度(6点) / RSI中立(41) / 出来高急増(12.5倍)売り枯れ示唆 / MA25下離れ(-13.1%),
2026-03-25,B,6226,守谷輸送機工業,0.05,-5.85,BUY,リバウンド期待大(7点) / RSI極度売られ過ぎ(20) / MA25大幅下離れ(-25.6%),
2026-03-25,B,6777,ｓａｎｔｅｃ　Ｈｏｌｄｉｎｇｓ,-0.1,-5.79,PASS,リバウンドスコア低(3点) - 見送り,
2026-03-25,B,6469,放電精密加工研究所,2.05,-5.55,PASS,リバウンドスコア低(4点) - 見送り,
2026-03-25,B,7220,武蔵精密工業,1.95,-5.45,PASS,リバウンドスコア低(3点) - 見送り,
2026-03-25,B,5032,ＡＮＹＣＯＬＯＲ,0.11,-5.26,BUY,リバウンド期待大(7点) / RSIやや低め(31) / 出来高増加(2.6倍) / MA25大幅下離れ(-22.8%),
2026-03-25,B,6804,ホシデン,1.83,-5.2,PASS,リバウンドスコア低(4点) - 見送り,
2026-03-25,B,7003,三井Ｅ＆Ｓ,1.24,-5.14,CAUTION,リバウンド中程度(6点) / RSI売られ過ぎ(30) / MA25大幅下離れ(-15.4%),
2026-03-25,B,429A,テクセンドフォトマスク,6.38,-5.11,CAUTION,リバウンド中程度(6点) / RSI極度売られ過ぎ(14) / MA25下離れ(-10.8%),
2026-03-26,A,7066,ピアズ,10.0,14.21,CAUTION,高スコアかつ過熱感強め - 逆行リスクあり,
2026-03-26,A,9235,売れるネット広告社グループ,9.59,10.77,BUY,高スコア優良 + 地合い良好,
2026-03-26,A,6836,ぷらっとホーム,8.23,6.68,BUY,スコア優良 + 地合い良好,
2026-03-26,A,9535,広島ガス,8.19,6.57,BUY,スコア優良 + 地合い良好,
2026-03-26,A,9229,サンウェルズ,7.64,4.93,BUY,スコア優良 + 地合い良好,
2026-03-26,A,410A,ＧＭＯコマース,7.46,4.39,PASS,地合いSTRONG + スコア不十分(閾値7.5),
2026-03-26,A,7105,三菱ロジスネクスト,7.31,5.5,PASS,地合いSTRONG + スコア不十分(閾値7.5),
2026-03-26,A,8708,アイザワ証券グループ,7.26,3.77,PASS,地合いSTRONG + スコア不十分(閾値7.5),
2026-03-26,A,4097,高圧ガス工業,7.19,3.57,PASS,地合いSTRONG + スコア不十分(閾値7.5),
2026-03-26,A,8844,コスモスイニシア,7.16,3.68,PASS,地合いSTRONG + スコア不十分(閾値7.5),
2026-03-26,A,3077,ホリイフードサービス,7.09,3.28,PASS,地合いSTRONG + スコア不十分(閾値7.5),
2026-03-26,A,7613,シークス,6.98,4.51,PASS,地合いSTRONG + スコア不十分(閾値7.5),
2026-03-26,A,8835,太平洋興発,6.95,2.84,PASS,地合いSTRONG + スコア不十分(閾値7.5),
2026-03-26,A,3839,ＯＤＫソリューションズ,6.9,3.82,PASS,地合いSTRONG + スコア不十分(閾値7.5),
2026-03-26,A,4896,ケイファーマ,6.9,2.71,PASS,地合いSTRONG + スコア不十分(閾値7.5),
2026-03-26,A,2195,アミタホールディングス,6.88,4.56,PASS,地合いSTRONG + スコア不十分(閾値7.5),
2026-03-26,A,4673,川崎地質,6.65,2.19,PASS,地合いSTRONG + スコア不十分(閾値7.5),
2026-03-26,A,479A,ＰＲＯＮＩ,6.58,2.3,PASS,地合いSTRONG + スコア不十分(閾値7.5),
2026-03-26,A,3810,サイバーステップホールディングス,6.35,1.66,PASS,地合いSTRONG + スコア不十分(閾値7.5),
2026-03-26,A,7092,Ｆａｓｔ　Ｆｉｔｎｅｓｓ　Ｊａｐａｎ,6.33,0.98,PASS,地合いSTRONG + スコア不十分(閾値7.5),
2026-03-26,B,281A,インフォメティス,2.69,-16.54,PASS,リバウンドスコア低(3点) - 見送り,
2026-03-26,B,7922,三光産業,-5.8,-15.06,PASS,リバウンドスコア低(3点) - 見送り,
2026-03-26,B,4427,ＥｄｕＬａｂ,4.41,-12.62,PASS,リバウンドスコア低(3点) - 見送り,
2026-03-26,B,3803,イメージ情報開発,0.36,-11.72,PASS,リバウンドスコア低(4点) - 見送り,
2026-03-26,B,6497,ハマイ,4.41,-10.07,PASS,リバウンドスコア低(5点) - 見送り,
2026-03-26,B,153A,カウリス,5.53,-9.61,PASS,リバウンドスコア低(3点) - 見送り,
2026-03-26,B,5871,ＳＯＬＩＺＥ　Ｈｏｌｄｉｎｇｓ,-1.14,-7.13,PASS,リバウンドスコア低(3点) - 見送り,
2026-03-26,B,7812,クレステック,7.53,-7.08,PASS,リバウンドスコア低(3点) - 見送り,
2026-03-26,B,3997,トレードワークス,2.65,-5.69,CAUTION,リバウンド中程度(6点) / RSI売られ過ぎ(26) / MA25大幅下離れ(-20.6%),
2026-03-27,A,7812,クレステック,10.0,14.41,PASS,地合いPANIC - 全見送り,PANIC
2026-03-27,A,3480,ジェイ・エス・ビー,9.53,10.58,PASS,地合いPANIC - 全見送り,PANIC
2026-03-27,A,3853,アステリア,9.09,9.28,PASS,地合いPANIC - 全見送り,PANIC
2026-03-27,A,8141,新光商事,8.57,7.72,PASS,地合いPANIC - 全見送り,PANIC
2026-03-27,A,278A,Ｔｅｒｒａ　Ｄｒｏｎｅ,8.4,7.21,PASS,地合いPANIC - 全見送り,PANIC
2026-03-27,A,7922,三光産業,7.93,5.78,PASS,地合いPANIC - 全見送り,PANIC
2026-03-27,A,3010,ポラリス・ホールディングス,7.87,5.62,PASS,地合いPANIC - 全見送り,PANIC
2026-03-27,A,8766,東京海上ホールディングス,7.68,5.04,PASS,地合いPANIC - 全見送り,PANIC
2026-03-27,A,4053,Ｓｕｎ　Ａｓｔｅｒｉｓｋ,7.66,4.98,PASS,地合いPANIC - 全見送り,PANIC
2026-03-27,A,8337,千葉興業銀行,7.43,4.3,PASS,地合いPANIC - 全見送り,PANIC
2026-03-27,A,5885,ジーデップ・アドバンス,7.37,4.11,PASS,地合いPANIC - 全見送り,PANIC
2026-03-27,A,8708,アイザワ証券グループ,7.29,3.86,PASS,地合いPANIC - 全見送り,PANIC
2026-03-27,A,9235,売れるネット広告社グループ,7.03,3.09,PASS,地合いPANIC - 全見送り,PANIC
2026-03-27,A,5202,日本板硝子,6.88,5.01,PASS,地合いPANIC - 全見送り,PANIC
2026-03-27,A,7739,キヤノン電子,6.86,3.99,PASS,地合いPANIC - 全見送り,PANIC
2026-03-27,A,5258,トランザクション・メディア・ネットワークス,6.83,3.28,PASS,地合いPANIC - 全見送り,PANIC
2026-03-27,A,5243,ｎｏｔｅ,6.7,3.2,PASS,地合いPANIC - 全見送り,PANIC
2026-03-27,A,3902,メディカル・データ・ビジョン,6.39,1.17,PASS,地合いPANIC - 全見送り,PANIC
2026-03-27,A,7613,シークス,6.38,3.1,PASS,地合いPANIC - 全見送り,PANIC
2026-03-27,A,9535,広島ガス,5.72,4.19,PASS,地合いPANIC - 全見送り,PANIC
2026-03-27,B,4594,ブライトパス・バイオ,7.74,-18.68,PASS,地合いPANIC - 逆張り非推奨（続落リスク）,PANIC
2026-03-27,B,4222,児玉化学工業,0.12,-12.88,PASS,地合いPANIC - 逆張り非推奨（続落リスク）,PANIC
2026-03-27,B,3103,ユニチカ,-1.65,-12.39,PASS,地合いPANIC - 逆張り非推奨（続落リスク）,PANIC
2026-03-27,B,3803,イメージ情報開発,0.68,-11.87,PASS,地合いPANIC - 逆張り非推奨（続落リスク）,PANIC
2026-03-27,B,4479,マクアケ,-1.02,-10.69,PASS,地合いPANIC - 逆張り非推奨（続落リスク）,PANIC
2026-03-27,B,4576,デ・ウエスタン・セラピテクス研究所,0.31,-9.52,PASS,地合いPANIC - 逆張り非推奨（続落リスク）,PANIC
2026-03-27,B,402A,アクセルスペースホールディングス,-1.66,-9.19,PASS,地合いPANIC - 逆張り非推奨（続落リスク）,PANIC
2026-03-27,B,4422,ＶＡＬＵＥＮＥＸ,7.86,-8.94,PASS,地合いPANIC - 逆張り非推奨（続落リスク）,PANIC
2026-03-27,B,2321,ソフトフロントホールディングス,-2.05,-8.71,PASS,地合いPANIC - 逆張り非推奨（続落リスク）,PANIC
2026-03-27,B,4098,チタン工業,10.0,-8.25,PASS,地合いPANIC - 逆張り非推奨（続落リスク）,PANIC
2026-03-27,B,4598,Ｄｅｌｔａ−Ｆｌｙ　Ｐｈａｒｍａ,-0.94,-8.14,PASS,地合いPANIC - 逆張り非推奨（続落リスク）,PANIC
2026-03-27,B,6433,ヒーハイスト,-2.42,-8.05,PASS,地合いPANIC - 逆張り非推奨（続落リスク）,PANIC
2026-03-27,B,4593,ヘリオス,1.19,-8.02,PASS,地合いPANIC - 逆張り非推奨（続落リスク）,PANIC
2026-03-27,B,7794,イーディーピー,-1.24,-7.9,PASS,地合いPANIC - 逆張り非推奨（続落リスク）,PANIC
2026-03-27,B,6366,千代田化工建設,-1.65,-7.87,PASS,地合いPANIC - 逆張り非推奨（続落リスク）,PANIC
2026-03-27,B,477A,スタートライン,-5.57,-7.7,PASS,地合いPANIC - 逆張り非推奨（続落リスク）,PANIC
2026-03-27,B,6495,宮入バルブ製作所,-4.97,-7.69,PASS,地合いPANIC - 逆張り非推奨（続落リスク）,PANIC
2026-03-27,B,2962,テクニスコ,-1.45,-7.68,PASS,地合いPANIC - 逆張り非推奨（続落リスク）,PANIC
2026-03-27,B,436A,サイバーソリューションズ,-1.29,-7.19,PASS,地合いPANIC - 逆張り非推奨（続落リスク）,PANIC
2026-03-27,B,6620,宮越ホールディングス,9.27,-7.18,PASS,地合いPANIC - 逆張り非推奨（続落リスク）,PANIC
2026-03-27,B,7779,ＣＹＢＥＲＤＹＮＥ,-1.71,-7.17,PASS,地合いPANIC - 逆張り非推奨（続落リスク）,PANIC
2026-03-27,B,198A,ＰｏｓｔＰｒｉｍｅ,3.13,-6.98,PASS,地合いPANIC - 逆張り非推奨（続落リスク）,PANIC
2026-03-27,B,4316,ビーマップ,4.67,-6.91,PASS,地合いPANIC - 逆張り非推奨（続落リスク）,PANIC
2026-03-27,B,4588,オンコリスバイオファーマ,-1.59,-6.81,PASS,地合いPANIC - 逆張り非推奨（続落リスク）,PANIC
2026-03-27,B,9880,イノテック,-0.37,-6.58,PASS,地合いPANIC - 逆張り非推奨（続落リスク）,PANIC
2026-03-27,B,3776,ブロードバンドタワー,-2.09,-6.48,PASS,地合いPANIC - 逆張り非推奨（続落リスク）,PANIC
2026-03-27,B,7138,ＴＯＲＩＣＯ,-0.91,-6.44,PASS,地合いPANIC - 逆張り非推奨（続落リスク）,PANIC
2026-03-27,B,4889,レナサイエンス,-1.65,-6.42,PASS,地合いPANIC - 逆張り非推奨（続落リスク）,PANIC
2026-03-27,B,6208,石川製作所,-0.35,-6.33,PASS,地合いPANIC - 逆張り非推奨（続落リスク）,PANIC
2026-03-27,B,8105,Ｂｉｔｃｏｉｎ　Ｊａｐａｎ,-0.43,-6.32,PASS,地合いPANIC - 逆張り非推奨（続落リスク）,PANIC
2026-03-27,B,5332,ＴＯＴＯ,0.7,-6.31,PASS,地合いPANIC - 逆張り非推奨（続落リスク）,PANIC
2026-03-27,B,7826,フルヤ金属,-1.3,-5.84,PASS,地合いPANIC - 逆張り非推奨（続落リスク）,PANIC
2026-03-27,B,4584,キッズウェル・バイオ,-0.39,-5.79,PASS,地合いPANIC - 逆張り非推奨（続落リスク）,PANIC
2026-03-27,B,6255,エヌ・ピー・シー,-1.12,-5.76,PASS,地合いPANIC - 逆張り非推奨（続落リスク）,PANIC
2026-03-27,B,438A,インフキュリオン,-0.88,-5.39,PASS,地合いPANIC - 逆張り非推奨（続落リスク）,PANIC
2026-03-27,B,4571,ＮＡＮＯホールディングス,-0.41,-5.39,PASS,地合いPANIC - 逆張り非推奨（続落リスク）,PANIC
2026-03-27,B,4673,川崎地質,9.5,-5.36,PASS,地合いPANIC - 逆張り非推奨（続落リスク）,PANIC
2026-03-27,B,7777,スリー・ディー・マトリックス,-0.45,-5.3,PASS,地合いPANIC - 逆張り非推奨（続落リスク）,PANIC
2026-03-27,B,276A,ククレブ・アドバイザーズ,0.4,-5.29,PASS,地合いPANIC - 逆張り非推奨（続落リスク）,PANIC
2026-03-27,B,7366,ＬＩＴＡＬＩＣＯ,0.3,-5.15,PASS,地合いPANIC - 逆張り非推奨（続落リスク）,PANIC
2026-03-27,B,7068,フィードフォースグループ,1.45,-5.12,PASS,地合いPANIC - 逆張り非推奨（続落リスク）,PANIC
2026-03-27,B,6855,日本電子材料,-0.88,-5.05,PASS,地合いPANIC - 逆張り非推奨（続落リスク）,PANIC
2026-03-27,B,4379,Ｐｈｏｔｏｓｙｎｔｈ,2.53,-5.02,PASS,地合いPANIC - 逆張り非推奨（続落リスク）,PANIC
2026-03-27,B,6522,アスタリスク,6.22,-5.01,PASS,地合いPANIC - 逆張り非推奨（続落リスク）,PANIC
2026-03-28,A,4840,トライアイズ,10.0,16.35,PASS,地合いPANIC - 全見送り,PANIC
2026-03-28,A,6173,アクアライン,10.0,13.25,PASS,地合いPANIC - 全見送り,PANIC
2026-03-28,A,6836,ぷらっとホーム,9.77,11.31,PASS,地合いPANIC - 全見送り,PANIC
2026-03-28,A,9235,売れるネット広告社グループ,9.65,12.56,PASS,地合いPANIC - 全見送り,PANIC
2026-03-28,A,4098,チタン工業,8.91,8.72,PASS,地合いPANIC - 全見送り,PANIC
2026-03-28,A,6197,ソラスト,8.74,8.23,PASS,地合いPANIC - 全見送り,PANIC
2026-03-28,A,4576,デ・ウエスタン・セラピテクス研究所,8.39,7.18,PASS,地合いPANIC - 全見送り,PANIC
2026-03-28,A,5391,エーアンドエーマテリアル,8.12,6.35,PASS,地合いPANIC - 全見送り,PANIC
2026-03-28,A,4379,Ｐｈｏｔｏｓｙｎｔｈ,8.07,6.21,PASS,地合いPANIC - 全見送り,PANIC
2026-03-28,A,3853,アステリア,7.62,4.86,PASS,地合いPANIC - 全見送り,PANIC
2026-03-28,A,8141,新光商事,7.6,4.81,PASS,地合いPANIC - 全見送り,PANIC
2026-03-28,A,278A,Ｔｅｒｒａ　Ｄｒｏｎｅ,7.47,4.4,PASS,地合いPANIC - 全見送り,PANIC
2026-03-28,A,9880,イノテック,7.43,4.3,PASS,地合いPANIC - 全見送り,PANIC
2026-03-28,A,6580,ライトアップ,7.32,3.95,PASS,地合いPANIC - 全見送り,PANIC
2026-03-28,A,6526,ソシオネクスト,7.25,3.76,PASS,地合いPANIC - 全見送り,PANIC
2026-03-28,A,9212,Ｇｒｅｅｎ　Ｅａｒｔｈ　Ｉｎｓｔｉｔｕｔｅ,7.21,3.63,PASS,地合いPANIC - 全見送り,PANIC
2026-03-28,A,3480,ジェイ・エス・ビー,7.12,3.37,PASS,地合いPANIC - 全見送り,PANIC
2026-03-28,A,7220,武蔵精密工業,7.11,3.34,PASS,地合いPANIC - 全見送り,PANIC
2026-03-28,A,6862,ミナトホールディングス,7.11,3.33,PASS,地合いPANIC - 全見送り,PANIC
2026-03-28,A,7068,フィードフォースグループ,7.08,3.38,PASS,地合いPANIC - 全見送り,PANIC
2026-03-28,B,4316,ビーマップ,6.57,-15.39,PASS,地合いPANIC - 逆張り非推奨（続落リスク）,PANIC
2026-03-28,B,7375,リファインバースグループ,4.35,-13.97,PASS,地合いPANIC - 逆張り非推奨（続落リスク）,PANIC
2026-03-28,B,4167,ココペリ,10.0,-13.29,PASS,地合いPANIC - 逆張り非推奨（続落リスク）,PANIC
2026-03-28,B,2195,アミタホールディングス,0.13,-10.53,PASS,地合いPANIC - 逆張り非推奨（続落リスク）,PANIC
2026-03-28,B,7774,ジャパン・ティッシュエンジニアリング,-0.58,-7.35,PASS,地合いPANIC - 逆張り非推奨（続落リスク）,PANIC
2026-03-28,B,2193,クックパッド,-0.41,-7.05,PASS,地合いPANIC - 逆張り非推奨（続落リスク）,PANIC
2026-03-28,B,7719,東京衡機,6.38,-5.36,PASS,地合いPANIC - 逆張り非推奨（続落リスク）,PANIC
