buy_date,code,name,today_rise,buy_price,score,ratio,market_condition,next_rise,next_open,next_close,rebound_score,rebound_reason
2026-03-03,5817,ＪＭＡＣＳ,-21.78,1878.0,5.45,4.89,PANIC,-2.72,1912.0,1860.0,,
2026-03-03,6787,メイコー,-12.9,22420.0,3.91,1.97,PANIC,6.53,23570.0,25110.0,,
2026-03-03,6235,オプトラン,-10.58,3170.0,3.55,2.74,PANIC,0.99,2933.0,2962.0,,
2026-03-06,6613,ＱＤレーザ,-12.26,859.0,5.23,2.43,NORMAL,1.04,866.0,875.0,,
2026-03-12,7031,インバウンドテック,-15.45,750.0,1.07,0.71,WEAK,-3.97,705.0,677.0,3.0,出来高急増(140.0倍)売り枯れ示唆
2026-03-12,7064,ハウテレビジョン,-15.17,1040.0,9.89,11.67,WEAK,-9.31,1020.0,925.0,8.0,RSIやや低め(32) / 出来高急増(11.8倍)売り枯れ示唆 / MA25大幅下離れ(-17.0%)
2026-03-12,2776,新都ホールディングス,-10.81,132.0,3.9,3.19,WEAK,-3.6,139.0,134.0,3.0,出来高急増(8.8倍)売り枯れ示唆
2026-03-12,3358,Ｔｒａｉｌｈｅａｄ　Ｇｌｏｂａｌ　Ｈｏｌｄｉｎｇｓ,-10.08,116.0,-7.13,0.31,WEAK,0.88,114.0,115.0,3.0,出来高急増(4.5倍)売り枯れ示唆
2026-03-12,4229,群栄化学工業,-8.73,5120.0,2.58,1.84,WEAK,0.4,5020.0,5040.0,3.0,出来高急増(3.4倍)売り枯れ示唆
2026-03-12,7435,ナ・デックス,-8.41,1100.0,3.17,1.63,WEAK,2.28,1095.0,1120.0,3.0,出来高急増(38.9倍)売り枯れ示唆
2026-03-12,6907,ジオマテック,-8.15,1025.0,9.05,9.16,WEAK,2.94,1019.0,1049.0,7.0,RSIやや低め(37) / 出来高増加(3.0倍) / MA25大幅下離れ(-17.4%)
2026-03-12,2673,夢みつけ隊,-7.43,187.0,-3.67,0.17,WEAK,2.14,187.0,191.0,4.0,RSIやや低め(39) / MA25下離れ(-11.8%)
2026-03-12,5013,ユシロ,-6.99,2995.0,-2.16,0.63,WEAK,1.12,2950.0,2983.0,4.0,RSI中立(46) / 出来高急増(5.2倍)売り枯れ示唆
2026-03-12,4596,窪田製薬ホールディングス,-6.98,120.0,-1.16,0.56,WEAK,-0.85,117.0,116.0,4.0,RSI中立(42) / MA25大幅下離れ(-31.7%)
2026-03-12,153A,カウリス,-6.18,1032.0,-0.52,0.58,WEAK,-0.2,1017.0,1015.0,3.0,RSIやや低め(40) / MA25やや下離れ(-9.0%)
2026-03-12,2531,宝ホールディングス,-5.97,1442.0,1.03,1.18,WEAK,-1.51,1421.5,1400.0,4.0,RSIやや低め(38) / 出来高やや増(1.7倍) / MA25やや下離れ(-9.4%)
2026-03-12,4833,Ｄｅｆ　ｃｏｎｓｕｌｔｉｎｇ,-5.48,69.0,2.05,0.56,WEAK,4.35,69.0,72.0,3.0,RSI中立(40) / MA25下離れ(-14.2%)
2026-03-12,4885,室町ケミカル,-5.36,1095.0,-1.32,0.59,WEAK,0.18,1095.0,1097.0,3.0,RSIやや低め(39) / MA25やや下離れ(-5.6%)
2026-03-13,9556,ＩＮＴＬＯＯＰ,-16.79,2146.0,3.15,2.05,NORMAL,-1.18,2035.0,2011.0,10.0,RSI極度売られ過ぎ(14) / 出来高急増(13.2倍)売り枯れ示唆 / MA25大幅下離れ(-30.4%)
2026-03-13,206A,ＰＲＩＳＭ　ＢｉｏＬａｂ,-11.52,215.0,-1.76,0.36,NORMAL,-8.76,217.0,198.0,3.0,出来高急増(15.3倍)売り枯れ示唆
2026-03-13,7777,スリー・ディー・マトリックス,-10.99,567.0,-0.38,1.15,NORMAL,6.11,491.0,521.0,3.0,RSI中立(49) / 出来高増加(2.8倍)
2026-03-13,9565,ＧＬＯＥ,-10.88,819.0,2.87,0.75,NORMAL,-3.65,794.0,765.0,3.0,出来高急増(17.4倍)売り枯れ示唆
2026-03-13,4031,片倉コープアグリ,-10.35,1230.0,9.13,9.39,NORMAL,2.94,1260.0,1297.0,3.0,出来高急増(7.2倍)売り枯れ示唆
2026-03-13,7064,ハウテレビジョン,-9.31,925.0,8.48,7.44,NORMAL,-0.95,952.0,943.0,9.0,RSI売られ過ぎ(29) / 出来高急増(6.8倍)売り枯れ示唆 / MA25大幅下離れ(-25.4%)
2026-03-13,7640,トップカルチャー,-8.73,209.0,10.0,12.74,NORMAL,-3.88,206.0,198.0,3.0,出来高急増(4.6倍)売り枯れ示唆
2026-03-13,4664,アール・エス・シー,-7.05,1041.0,10.0,13.48,NORMAL,14.34,1011.0,1156.0,3.0,出来高急増(10.4倍)売り枯れ示唆
2026-03-13,7692,アースインフィニティ,-5.66,100.0,1.18,1.26,NORMAL,-1.98,101.0,99.0,4.0,RSI中立(45) / 出来高急増(13.1倍)売り枯れ示唆
2026-03-16,7375,リファインバースグループ,-16.8,1005.0,7.46,4.39,NORMAL,4.34,1013.0,1057.0,3.0,出来高急増(6.3倍)売り枯れ示唆
2026-03-16,3070,ジェリービーンズグループ,-14.29,84.0,0.74,0.87,NORMAL,-1.12,89.0,88.0,8.0,RSIやや低め(39) / 出来高急増(3.8倍)売り枯れ示唆 / MA25大幅下離れ(-16.8%)
2026-03-16,206A,ＰＲＩＳＭ　ＢｉｏＬａｂ,-8.76,198.0,8.93,8.8,NORMAL,-2.0,200.0,196.0,3.0,RSIやや低め(40) / 出来高やや増(1.9倍)
2026-03-16,6656,インスペック,-7.91,582.0,0.17,0.94,NORMAL,-0.34,591.0,589.0,5.0,RSIやや低め(40) / 出来高増加(2.1倍) / MA25やや下離れ(-9.4%)
2026-03-16,4438,Ｗｅｌｂｙ,-6.36,383.0,8.32,6.95,NORMAL,-5.33,375.0,355.0,3.0,出来高急増(7.1倍)売り枯れ示唆
2026-03-16,3193,エターナルホスピタリティグループ,-5.92,3180.0,3.41,1.67,NORMAL,0.15,3230.0,3235.0,7.0,RSIやや低め(33) / 出来高急増(5.9倍)売り枯れ示唆 / MA25下離れ(-10.4%)
2026-03-16,4414,フレクト,-5.88,1137.0,1.77,0.43,NORMAL,-2.17,1107.0,1083.0,7.0,RSI売られ過ぎ(25) / 出来高やや増(1.5倍) / MA25大幅下離れ(-16.9%)
2026-03-16,4431,スマレジ,-5.67,2196.0,3.86,0.95,NORMAL,-3.55,2199.0,2121.0,3.0,出来高増加(2.4倍) / MA25やや下離れ(-9.1%)
2026-03-16,3665,エニグモ,-5.6,388.0,-1.29,0.51,NORMAL,-1.3,386.0,381.0,4.0,RSI中立(44) / 出来高増加(2.8倍) / MA25やや下離れ(-5.1%)
2026-03-17,4588,オンコリスバイオファーマ,-19.48,2241.0,-0.64,0.62,WEAK,5.06,2274.0,2389.0,5.0,RSI中立(47) / 出来高増加(2.4倍) / MA25下離れ(-10.1%)
2026-03-17,7777,スリー・ディー・マトリックス,-11.19,476.0,2.82,1.88,WEAK,3.91,486.0,505.0,4.0,RSI中立(42) / MA25大幅下離れ(-18.5%)
2026-03-17,4422,ＶＡＬＵＥＮＥＸ,-10.68,435.0,7.04,3.12,WEAK,10.28,467.0,515.0,3.0,出来高急増(10.1倍)売り枯れ示唆
2026-03-17,6613,ＱＤレーザ,-10.49,1450.0,5.82,1.87,WEAK,20.94,1423.0,1721.0,3.0,出来高急増(3.9倍)売り枯れ示唆
2026-03-17,6330,東洋エンジニアリング,-10.16,3095.0,2.87,0.98,WEAK,6.06,3300.0,3500.0,5.0,RSI中立(47) / 出来高やや増(1.9倍) / MA25大幅下離れ(-21.5%)
2026-03-17,6387,サムコ,-10.1,7210.0,7.88,5.64,WEAK,2.45,7360.0,7540.0,3.0,出来高急増(4.3倍)売り枯れ示唆
2026-03-17,8894,ＲＥＶＯＬＵＴＩＯＮ,-8.93,51.0,-0.94,0.73,WEAK,5.77,52.0,55.0,4.0,RSI中立(47) / 出来高急増(3.9倍)売り枯れ示唆
2026-03-17,6264,マルマエ,-8.9,3175.0,-1.27,0.38,WEAK,3.66,3280.0,3400.0,3.0,RSIやや低め(32) / MA25やや下離れ(-7.2%)
2026-03-17,446A,ノースサンド,-8.88,1458.0,-1.89,0.28,WEAK,-0.55,1465.0,1457.0,3.0,出来高急増(8.1倍)売り枯れ示唆
2026-03-17,4893,ノイルイミューン・バイオテック,-8.87,185.0,3.76,3.39,WEAK,-1.63,184.0,181.0,3.0,出来高急増(3.4倍)売り枯れ示唆
2026-03-17,228A,オプロ,-8.56,1506.0,-0.24,0.71,WEAK,-3.75,1626.0,1565.0,4.0,RSI中立(42) / 出来高急増(5.9倍)売り枯れ示唆
2026-03-17,6855,日本電子材料,-8.01,6550.0,-1.8,0.64,WEAK,2.96,6750.0,6950.0,4.0,RSI中立(41) / 出来高やや増(1.9倍) / MA25下離れ(-10.9%)
2026-03-17,5074,テスホールディングス,-7.93,673.0,0.91,1.22,WEAK,-1.73,692.0,680.0,3.0,出来高急増(4.2倍)売り枯れ示唆
2026-03-17,7409,ＡｅｒｏＥｄｇｅ,-7.89,4030.0,2.05,1.09,WEAK,2.68,4100.0,4210.0,6.0,RSI売られ過ぎ(26) / MA25大幅下離れ(-15.2%)
2026-03-17,4596,窪田製薬ホールディングス,-7.63,109.0,-2.3,0.24,WEAK,-0.92,109.0,108.0,5.0,RSIやや低め(32) / MA25大幅下離れ(-38.0%)
2026-03-17,2776,新都ホールディングス,-7.59,134.0,3.36,3.5,WEAK,-2.17,138.0,135.0,3.0,RSI中立(48) / 出来高増加(2.8倍)
2026-03-17,5216,倉元製作所,-7.22,180.0,-1.25,0.36,WEAK,2.75,182.0,187.0,4.0,RSIやや低め(36) / MA25下離れ(-11.9%)
2026-03-17,5715,古河機械金属,-7.19,4715.0,5.55,1.11,WEAK,2.92,4800.0,4940.0,5.0,RSI売られ過ぎ(25) / MA25下離れ(-14.3%)
2026-03-17,3103,ユニチカ,-6.86,1249.0,-2.74,0.18,WEAK,23.82,1251.0,1549.0,3.0,RSI中立(48) / MA25下離れ(-10.6%)
2026-03-17,3113,ＵＮＩＶＡ・Ｏａｋホールディングス,-6.74,83.0,10.0,17.48,WEAK,-1.22,82.0,81.0,3.0,出来高急増(3.8倍)売り枯れ示唆
2026-03-17,4047,関東電化工業,-6.7,1477.0,-0.31,0.47,WEAK,2.9,1518.0,1562.0,3.0,RSIやや低め(32) / MA25やや下離れ(-6.3%)
2026-03-17,6590,芝浦メカトロニクス,-6.49,4610.0,1.18,1.31,WEAK,1.58,4750.0,4825.0,7.0,RSI極度売られ過ぎ(10) / MA25大幅下離れ(-72.6%)
2026-03-17,7771,日本精密,-6.36,412.0,-4.35,0.33,WEAK,9.79,419.0,460.0,3.0,MA25大幅下離れ(-17.6%)
2026-03-17,6840,ＡＫＩＢＡホールディングス,-6.26,479.0,0.69,0.45,WEAK,7.01,485.0,519.0,4.0,RSI売られ過ぎ(24) / MA25やや下離れ(-9.4%)
2026-03-17,3997,トレードワークス,-6.21,408.0,-1.31,0.28,WEAK,3.37,416.0,430.0,6.0,RSI売られ過ぎ(22) / MA25大幅下離れ(-17.7%)
2026-03-17,264A,Ｓｃｈｏｏ,-6.18,531.0,3.31,1.74,WEAK,-1.32,531.0,524.0,6.0,RSI中立(46) / 出来高急増(6.4倍)売り枯れ示唆 / MA25下離れ(-14.1%)
2026-03-17,3905,データセクション,-5.95,1533.0,-0.97,0.46,WEAK,-0.58,1552.0,1543.0,5.0,RSI売られ過ぎ(25) / MA25下離れ(-14.9%)
2026-03-17,6580,ライトアップ,-5.65,1635.0,-0.43,0.74,WEAK,1.56,1667.0,1693.0,4.0,RSI中立(46) / MA25大幅下離れ(-18.2%)
2026-03-17,6226,守谷輸送機工業,-5.62,4280.0,2.75,1.75,WEAK,3.76,4385.0,4550.0,6.0,RSI売られ過ぎ(26) / MA25大幅下離れ(-22.1%)
2026-03-17,7743,シード,-5.46,589.0,3.73,3.13,WEAK,-5.32,601.0,569.0,3.0,出来高急増(3.2倍)売り枯れ示唆
2026-03-17,7729,東京精密,-5.45,14305.0,0.12,0.79,WEAK,1.5,14655.0,14875.0,4.0,RSIやや低め(31) / MA25下離れ(-10.6%)
2026-03-17,7138,ＴＯＲＩＣＯ,-5.38,264.0,0.04,0.42,WEAK,-0.37,269.0,268.0,5.0,RSI売られ過ぎ(21) / MA25下離れ(-11.4%)
2026-03-17,2983,アールプランナー,-5.34,1771.0,3.35,1.84,WEAK,-2.43,1772.0,1729.0,7.0,RSIやや低め(35) / 出来高急増(4.3倍)売り枯れ示唆 / MA25下離れ(-14.7%)
2026-03-17,6315,ＴＯＷＡ,-5.33,2504.0,-0.63,0.58,WEAK,4.09,2566.0,2671.0,4.0,RSIやや低め(37) / MA25下離れ(-10.9%)
2026-03-17,1885,東亜建設工業,-5.27,3325.0,2.46,1.11,WEAK,1.2,3345.0,3385.0,5.0,RSI売られ過ぎ(23) / MA25下離れ(-14.8%)
2026-03-17,4228,積水化成品工業,-5.06,450.0,2.12,1.26,WEAK,4.8,458.0,480.0,3.0,RSIやや低め(36) / MA25やや下離れ(-8.7%)
2026-03-17,6146,ディスコ,-5.03,67350.0,-0.79,0.69,WEAK,2.88,68700.0,70680.0,3.0,RSIやや低め(37) / MA25やや下離れ(-6.9%)
2026-03-18,2656,ベクターホールディングス,-22.73,170.0,8.54,7.62,NORMAL,-0.6,168.0,167.0,3.0,出来高急増(51.1倍)売り枯れ示唆
2026-03-18,4881,ファンペップ,-13.82,106.0,5.8,2.13,NORMAL,0.0,104.0,104.0,3.0,出来高急増(6.6倍)売り枯れ示唆
2026-03-18,3803,イメージ情報開発,-10.27,725.0,5.39,5.39,NORMAL,5.9,695.0,736.0,3.0,出来高急増(4.7倍)売り枯れ示唆
2026-03-18,4625,アトミクス,-9.62,939.0,6.96,2.89,NORMAL,-0.96,934.0,925.0,3.0,出来高急増(16.8倍)売り枯れ示唆
2026-03-18,9237,笑美面,-7.51,764.0,5.42,2.23,NORMAL,-1.08,741.0,733.0,8.0,RSI売られ過ぎ(28) / 出来高急増(24.8倍)売り枯れ示唆 / MA25下離れ(-14.4%)
2026-03-18,4813,ＡＣＣＥＳＳ,-6.14,596.0,4.9,1.42,NORMAL,-1.19,586.0,579.0,3.0,出来高急増(6.0倍)売り枯れ示唆
2026-03-18,2778,パレモ・ホールディングス,-5.93,127.0,-0.32,0.41,NORMAL,-5.51,127.0,120.0,8.0,RSI極度売られ過ぎ(19) / 出来高増加(2.2倍) / MA25下離れ(-13.8%)
2026-03-18,3657,ポールトゥウィンホールディングス,-5.84,290.0,1.79,0.74,NORMAL,0.0,289.0,289.0,6.0,RSIやや低め(38) / 出来高急増(4.1倍)売り枯れ示唆 / MA25やや下離れ(-5.4%)
2026-03-18,3491,ＧＡ　ｔｅｃｈｎｏｌｏｇｉｅｓ,-5.21,1347.0,1.86,1.45,NORMAL,-1.18,1352.0,1336.0,9.0,RSI売られ過ぎ(26) / 出来高急増(5.6倍)売り枯れ示唆 / MA25大幅下離れ(-15.5%)
2026-03-18,5248,テクノロジーズ,-5.21,455.0,-1.21,1.46,NORMAL,-3.98,452.0,434.0,4.0,RSIやや低め(32) / MA25下離れ(-12.2%)
2026-03-18,7383,ネットプロテクションズホールディングス,-5.11,390.0,-2.13,0.54,NORMAL,-6.9,377.0,351.0,8.0,RSIやや低め(33) / 出来高急増(3.6倍)売り枯れ示唆 / MA25大幅下離れ(-19.2%)
2026-03-19,4422,ＶＡＬＵＥＮＥＸ,-14.41,475.0,7.61,5.88,PANIC,1.61,435.0,442.0,3.0,出来高急増(8.1倍)売り枯れ示唆
2026-03-19,4341,西菱電機,-14.29,858.0,6.73,2.19,PANIC,2.53,830.0,851.0,6.0,RSIやや低め(39) / 出来高急増(38.5倍)売り枯れ示唆 / MA25やや下離れ(-6.7%)
2026-03-19,4893,ノイルイミューン・バイオテック,-14.12,152.0,2.07,3.46,PANIC,-1.39,144.0,142.0,4.0,RSI中立(46) / 出来高増加(2.1倍) / MA25やや下離れ(-6.7%)
2026-03-19,5304,ＳＥＣカーボン,-12.11,2619.0,-3.81,0.42,PANIC,1.32,2503.0,2536.0,7.0,RSIやや低め(36) / 出来高急増(6.7倍)売り枯れ示唆 / MA25下離れ(-10.0%)
2026-03-19,6335,東京機械製作所,-11.48,532.0,1.44,0.71,PANIC,-1.32,529.0,522.0,3.0,出来高急増(39.1倍)売り枯れ示唆
2026-03-19,6072,地盤ネットホールディングス,-10.44,798.0,-1.85,0.25,PANIC,2.52,753.0,772.0,5.0,RSI売られ過ぎ(29) / MA25下離れ(-10.1%)
2026-03-19,6721,ウインテスト,-9.92,109.0,-0.51,0.34,PANIC,0.0,101.0,101.0,4.0,RSIやや低め(36) / 出来高やや増(1.7倍) / MA25やや下離れ(-8.8%)
2026-03-19,9888,ＵＥＸ,-9.55,805.0,3.85,1.3,PANIC,-1.78,730.0,717.0,5.0,RSI中立(42) / 出来高急増(3.2倍)売り枯れ示唆 / MA25やや下離れ(-5.6%)
2026-03-19,264A,Ｓｃｈｏｏ,-9.33,476.0,1.11,1.08,PANIC,-3.87,465.0,447.0,5.0,RSI中立(44) / 出来高やや増(1.9倍) / MA25大幅下離れ(-21.5%)
2026-03-19,9959,アシードホールディングス,-9.17,1149.0,1.45,1.2,PANIC,4.04,1090.0,1134.0,4.0,RSI中立(45) / 出来高急増(6.6倍)売り枯れ示唆
2026-03-19,6907,ジオマテック,-8.22,949.0,-5.12,0.24,PANIC,-5.36,859.0,813.0,6.0,RSIやや低め(31) / 出来高やや増(1.5倍) / MA25大幅下離れ(-20.2%)
2026-03-19,2330,フォーサイド,-8.06,114.0,5.55,0.84,PANIC,-1.77,113.0,111.0,5.0,RSI中立(45) / 出来高増加(2.0倍) / MA25下離れ(-12.2%)
2026-03-19,7615,京都きもの友禅ホールディングス,-8.0,138.0,0.63,0.42,PANIC,-4.44,135.0,129.0,6.0,RSIやや低め(33) / 出来高急増(4.0倍)売り枯れ示唆 / MA25やや下離れ(-9.0%)
2026-03-19,4885,室町ケミカル,-7.65,1026.0,0.68,0.9,PANIC,-2.2,1000.0,978.0,5.0,RSI売られ過ぎ(24) / MA25下離れ(-12.8%)
2026-03-19,6620,宮越ホールディングス,-7.54,589.0,-0.9,0.75,PANIC,-3.51,570.0,550.0,10.0,RSI極度売られ過ぎ(11) / 出来高急増(5.2倍)売り枯れ示唆 / MA25大幅下離れ(-22.0%)
2026-03-19,4889,レナサイエンス,-7.45,1738.0,-0.73,1.08,PANIC,0.63,1584.0,1594.0,3.0,RSI中立(48) / 出来高やや増(1.7倍) / MA25やや下離れ(-6.4%)
2026-03-19,5010,日本精蝋,-7.17,272.0,3.08,0.32,PANIC,-6.23,273.0,256.0,3.0,RSI売られ過ぎ(30)
2026-03-19,3692,ＦＦＲＩセキュリティ,-7.08,6960.0,-0.78,0.44,PANIC,-1.65,6660.0,6550.0,4.0,RSI中立(41) / MA25大幅下離れ(-16.2%)
2026-03-19,7383,ネットプロテクションズホールディングス,-6.9,351.0,7.07,3.21,PANIC,-0.6,335.0,333.0,7.0,RSIやや低め(30) / 出来高増加(2.5倍) / MA25大幅下離れ(-26.8%)
2026-03-19,206A,ＰＲＩＳＭ　ＢｉｏＬａｂ,-6.7,181.0,-3.76,0.42,PANIC,-1.17,171.0,169.0,3.0,RSI中立(42) / MA25下離れ(-10.4%)
2026-03-19,7955,クリナップ,-6.69,962.0,-1.15,0.44,PANIC,-1.35,963.0,950.0,5.0,RSIやや低め(37) / 出来高増加(2.0倍) / MA25やや下離れ(-5.2%)
2026-03-19,278A,Ｔｅｒｒａ　Ｄｒｏｎｅ,-6.67,2940.0,6.47,3.34,PANIC,1.8,2840.0,2891.0,3.0,出来高急増(5.5倍)売り枯れ示唆
2026-03-19,2183,リニカル,-6.67,280.0,-1.61,0.34,PANIC,-4.3,279.0,267.0,8.0,RSI売られ過ぎ(23) / 出来高急増(12.4倍)売り枯れ示唆 / MA25下離れ(-10.7%)
2026-03-19,4027,テイカ,-6.44,1569.0,-2.94,0.59,PANIC,-0.86,1520.0,1507.0,3.0,RSI中立(42) / 出来高やや増(1.9倍) / MA25やや下離れ(-7.5%)
2026-03-19,6366,千代田化工建設,-6.29,1148.0,6.78,2.34,PANIC,-4.47,1052.0,1005.0,6.0,RSIやや低め(39) / 出来高増加(2.0倍) / MA25下離れ(-12.8%)
2026-03-19,3189,ＡＮＡＰホールディングス,-6.25,210.0,0.17,0.82,PANIC,0.49,204.0,205.0,9.0,RSI極度売られ過ぎ(18) / 出来高急増(3.5倍)売り枯れ示唆 / MA25下離れ(-13.2%)
2026-03-19,3946,トーモク,-6.25,3375.0,-0.51,0.65,PANIC,0.45,3315.0,3330.0,6.0,RSI売られ過ぎ(28) / 出来高急増(4.6倍)売り枯れ示唆
2026-03-19,6840,ＡＫＩＢＡホールディングス,-6.09,478.0,1.75,0.66,PANIC,-4.19,454.0,435.0,4.0,RSIやや低め(34) / MA25下離れ(-10.0%)
2026-03-19,3185,夢展望,-6.0,235.0,-1.55,0.39,PANIC,2.61,230.0,236.0,4.0,RSI中立(49) / 出来高急増(5.9倍)売り枯れ示唆
2026-03-19,3891,ニッポン高度紙工業,-5.8,3735.0,-2.34,0.31,PANIC,-0.85,3525.0,3495.0,3.0,RSIやや低め(34) / MA25やや下離れ(-5.3%)
2026-03-19,4591,リボミック,-5.71,99.0,-3.8,0.22,PANIC,-1.09,92.0,91.0,3.0,出来高急増(4.5倍)売り枯れ示唆
2026-03-19,3941,レンゴー,-5.68,1261.0,-1.51,0.66,PANIC,-2.01,1245.5,1220.5,7.0,RSI売られ過ぎ(23) / 出来高増加(2.4倍) / MA25下離れ(-12.9%)
2026-03-19,3441,山王,-5.66,2435.0,9.96,11.87,PANIC,-0.79,2285.0,2267.0,3.0,出来高急増(4.8倍)売り枯れ示唆
2026-03-19,325A,ＴＥＮＴＩＡＬ,-5.57,3475.0,-0.12,0.63,PANIC,-1.95,3340.0,3275.0,6.0,RSI売られ過ぎ(29) / 出来高やや増(2.0倍) / MA25下離れ(-12.4%)
2026-03-19,4587,ペプチドリーム,-5.52,1197.5,-1.59,0.61,PANIC,1.09,1149.5,1162.0,8.0,RSIやや低め(39) / 出来高急増(3.4倍)売り枯れ示唆 / MA25大幅下離れ(-16.0%)
2026-03-19,2778,パレモ・ホールディングス,-5.51,120.0,6.66,1.97,PANIC,-2.52,119.0,116.0,9.0,RSI極度売られ過ぎ(17) / 出来高増加(2.0倍) / MA25大幅下離れ(-17.8%)
2026-03-19,3186,ネクステージ,-5.5,2939.0,-2.83,0.59,PANIC,0.18,2797.0,2802.0,5.0,RSIやや低め(30) / 出来高やや増(1.6倍) / MA25下離れ(-14.4%)
2026-03-19,5255,モンスターラボ,-5.5,103.0,4.5,0.65,PANIC,-4.95,101.0,96.0,4.0,RSI中立(43) / MA25大幅下離れ(-17.4%)
2026-03-19,4022,ラサ工業,-5.5,7900.0,-1.25,0.33,PANIC,-0.39,7600.0,7570.0,7.0,RSI極度売られ過ぎ(19) / MA25大幅下離れ(-15.1%)
2026-03-19,4013,勤次郎,-5.49,654.0,1.94,0.63,PANIC,-4.35,644.0,616.0,3.0,RSI中立(42) / MA25下離れ(-12.3%)
2026-03-19,7810,クロスフォー,-5.47,190.0,6.34,1.01,PANIC,4.44,180.0,188.0,4.0,RSIやや低め(34) / MA25下離れ(-14.0%)
2026-03-19,7794,イーディーピー,-5.46,1229.0,-0.84,0.15,PANIC,-4.28,1169.0,1119.0,5.0,RSIやや低め(39) / MA25大幅下離れ(-16.7%)
2026-03-19,8923,トーセイ,-5.37,1532.0,-2.16,0.67,PANIC,-0.4,1499.0,1493.0,5.0,RSI中立(42) / 出来高急増(4.7倍)売り枯れ示唆 / MA25やや下離れ(-5.6%)
2026-03-19,9501,東京電力ホールディングス,-5.33,653.4,3.81,1.96,PANIC,-2.74,634.7,617.3,3.0,RSI中立(46) / 出来高増加(2.1倍)
2026-03-19,5233,太平洋セメント,-5.16,3439.0,-1.19,0.67,PANIC,0.48,3316.0,3332.0,10.0,RSI極度売られ過ぎ(10) / 出来高急増(3.1倍)売り枯れ示唆 / MA25大幅下離れ(-19.8%)
2026-03-19,338A,ＺｅｎｍｕＴｅｃｈ,-5.12,5560.0,0.47,0.51,PANIC,0.76,5260.0,5300.0,3.0,RSIやや低め(40) / MA25やや下離れ(-5.8%)
2026-03-19,4418,ＪＤＳＣ,-5.12,815.0,-2.25,0.24,PANIC,-1.41,778.0,767.0,3.0,RSI中立(47) / MA25下離れ(-10.7%)
2026-03-19,7022,サノヤスホールディングス,-5.1,372.0,0.42,0.32,PANIC,-2.19,365.0,357.0,4.0,RSIやや低め(30) / MA25下離れ(-11.0%)
2026-03-19,6482,ＹＵＳＨＩＮ,-5.08,672.0,-1.07,0.56,PANIC,3.08,650.0,670.0,6.0,RSIやや低め(30) / 出来高増加(2.4倍) / MA25下離れ(-10.3%)
2026-03-19,4064,日本カーバイド工業,-5.04,2711.0,-1.06,0.51,PANIC,-0.92,2622.0,2598.0,4.0,RSI売られ過ぎ(29) / MA25やや下離れ(-7.9%)
2026-03-19,4046,大阪ソーダ,-5.02,1815.0,1.44,1.48,PANIC,-0.58,1735.0,1725.0,8.0,RSI極度売られ過ぎ(7) / 出来高やや増(1.6倍) / MA25大幅下離れ(-18.5%)
2026-03-23,5162,朝日ラバー,-22.64,820.0,5.34,5.02,PANIC,6.39,830.0,883.0,3.0,出来高急増(69.6倍)売り枯れ示唆
2026-03-23,5341,ＡＳＡＨＩ　ＥＩＴＯホールディングス,-12.24,172.0,0.75,1.1,PANIC,-1.14,175.0,173.0,8.0,RSI売られ過ぎ(21) / 出来高急増(29.1倍)売り枯れ示唆 / MA25下離れ(-13.0%)
2026-03-23,1443,技研ホールディングス,-11.68,295.0,-0.6,0.46,PANIC,2.01,299.0,305.0,7.0,RSIやや低め(34) / 出来高急増(16.6倍)売り枯れ示唆 / MA25下離れ(-10.1%)
2026-03-23,9342,スマサポ,-11.65,910.0,1.95,0.09,PANIC,3.46,895.0,926.0,10.0,RSI極度売られ過ぎ(3) / 出来高急増(38.3倍)売り枯れ示唆 / MA25大幅下離れ(-26.0%)
2026-03-23,4427,ＥｄｕＬａｂ,-10.96,195.0,10.0,16.36,PANIC,18.93,206.0,245.0,5.0,RSI中立(40) / 出来高急増(3.3倍)売り枯れ示唆 / MA25やや下離れ(-9.6%)
2026-03-23,6330,東洋エンジニアリング,-10.74,2910.0,1.45,1.31,PANIC,-15.48,2985.0,2523.0,4.0,RSI中立(44) / MA25大幅下離れ(-19.0%)
2026-03-23,6433,ヒーハイスト,-10.46,1412.0,2.06,0.99,PANIC,-4.89,1512.0,1438.0,5.0,RSIやや低め(36) / MA25大幅下離れ(-20.9%)
2026-03-23,7946,光陽社,-10.44,815.0,8.19,6.58,PANIC,-8.28,725.0,665.0,10.0,RSI極度売られ過ぎ(20) / 出来高急増(11.1倍)売り枯れ示唆 / MA25大幅下離れ(-57.3%)
2026-03-23,5587,インバウンドプラットフォーム,-9.43,634.0,-2.52,0.28,PANIC,4.22,664.0,692.0,10.0,RSI極度売られ過ぎ(14) / 出来高急増(3.6倍)売り枯れ示唆 / MA25大幅下離れ(-24.7%)
2026-03-23,336A,ダイナミックマッププラットフォーム,-8.54,600.0,-0.99,0.47,PANIC,-0.32,624.0,622.0,4.0,RSIやや低め(31) / MA25下離れ(-14.8%)
2026-03-23,218A,Ｌｉｂｅｒａｗａｒｅ,-7.96,1318.0,-1.54,0.59,PANIC,-1.49,1405.0,1384.0,3.0,RSI中立(45) / MA25下離れ(-10.3%)
2026-03-23,3905,データセクション,-7.85,1292.0,0.66,0.61,PANIC,-1.12,1337.0,1322.0,7.0,RSI売られ過ぎ(21) / 出来高やや増(1.7倍) / MA25大幅下離れ(-26.5%)
2026-03-23,5253,カバー,-7.78,1411.0,1.21,0.88,PANIC,-1.94,1441.0,1413.0,7.0,RSIやや低め(39) / 出来高急増(3.2倍)売り枯れ示唆 / MA25下離れ(-13.6%)
2026-03-23,7721,東京計器,-7.49,7290.0,0.96,0.99,PANIC,-4.13,7510.0,7200.0,4.0,RSIやや低め(36) / MA25下離れ(-11.9%)
2026-03-23,6771,池上通信機,-7.39,714.0,0.67,1.35,PANIC,-3.83,757.0,728.0,4.0,RSIやや低め(39) / 出来高やや増(1.7倍) / MA25やや下離れ(-6.8%)
2026-03-23,4918,アイビー化粧品,-7.37,352.0,-7.11,0.09,PANIC,0.0,355.0,355.0,8.0,RSI売られ過ぎ(27) / 出来高急増(3.5倍)売り枯れ示唆 / MA25下離れ(-12.0%)
2026-03-23,6239,ナガオカ,-7.29,1500.0,8.55,7.66,PANIC,-0.92,1523.0,1509.0,3.0,出来高急増(4.2倍)売り枯れ示唆
2026-03-23,3103,ユニチカ,-7.2,1327.0,1.27,0.42,PANIC,-7.77,1428.0,1317.0,3.0,RSI中立(47) / MA25下離れ(-10.7%)
2026-03-23,4464,ソフト９９コーポレーション,-7.12,3655.0,-5.9,0.01,PANIC,3.19,3610.0,3725.0,8.0,RSI極度売られ過ぎ(6) / 出来高急増(9.5倍)売り枯れ示唆 / MA25やや下離れ(-9.1%)
2026-03-23,6081,アライドアーキテクツ,-7.0,279.0,1.53,0.21,PANIC,-1.36,295.0,291.0,6.0,RSI売られ過ぎ(25) / MA25大幅下離れ(-23.9%)
2026-03-23,8105,Ｂｉｔｃｏｉｎ　Ｊａｐａｎ,-6.74,166.0,-1.61,0.44,PANIC,-4.62,173.0,165.0,5.0,RSIやや低め(31) / MA25大幅下離れ(-21.6%)
2026-03-23,3652,ディジタルメディアプロフェッショナル,-6.67,2000.0,1.98,1.16,PANIC,-2.31,2080.0,2032.0,7.0,RSI売られ過ぎ(29) / 出来高増加(2.5倍) / MA25下離れ(-10.5%)
2026-03-23,3691,デジタルプラス,-6.4,1301.0,0.3,0.75,PANIC,0.37,1360.0,1365.0,8.0,RSI売られ過ぎ(25) / 出来高増加(2.0倍) / MA25大幅下離れ(-15.6%)
2026-03-23,5010,日本精蝋,-6.23,256.0,5.38,0.53,PANIC,1.14,263.0,266.0,4.0,RSI売られ過ぎ(28) / MA25やや下離れ(-8.0%)
2026-03-23,4576,デ・ウエスタン・セラピテクス研究所,-6.12,92.0,3.6,1.15,PANIC,-1.05,95.0,94.0,5.0,RSIやや低め(37) / 出来高増加(2.5倍) / MA25やや下離れ(-8.3%)
2026-03-23,4970,東洋合成工業,-6.03,9200.0,-0.78,0.52,PANIC,-0.1,9800.0,9790.0,5.0,RSI売られ過ぎ(26) / MA25下離れ(-13.6%)
2026-03-23,6495,宮入バルブ製作所,-5.71,231.0,0.65,0.55,PANIC,-4.6,239.0,228.0,3.0,RSIやや低め(36) / MA25やや下離れ(-7.7%)
2026-03-23,2666,オートウェーブ,-5.7,149.0,0.09,0.76,PANIC,1.32,151.0,153.0,9.0,RSI極度売られ過ぎ(15) / 出来高急増(8.9倍)売り枯れ示唆 / MA25下離れ(-12.9%)
2026-03-23,7707,プレシジョン・システム・サイエンス,-5.5,206.0,2.74,0.54,PANIC,-0.93,214.0,212.0,4.0,RSIやや低め(36) / MA25下離れ(-10.3%)
2026-03-23,3963,シンクロ・フード,-5.47,449.0,-2.46,0.34,PANIC,0.0,462.0,462.0,6.0,RSI売られ過ぎ(28) / 出来高やや増(1.5倍) / MA25下離れ(-13.8%)
2026-03-23,6626,ＳＥＭＩＴＥＣ,-5.46,2440.0,0.12,0.75,PANIC,-1.2,2490.0,2460.0,7.0,RSI極度売られ過ぎ(14) / 出来高増加(2.0倍) / MA25やや下離れ(-9.7%)
2026-03-23,7280,ミツバ,-5.44,1147.0,0.46,0.53,PANIC,-2.32,1206.0,1178.0,6.0,RSI売られ過ぎ(23) / MA25大幅下離れ(-15.9%)
2026-03-23,6217,津田駒工業,-5.36,459.0,1.52,0.25,PANIC,1.9,473.0,482.0,5.0,RSIやや低め(35) / MA25大幅下離れ(-17.4%)
2026-03-23,6907,ジオマテック,-5.36,813.0,2.82,1.46,PANIC,-0.56,887.0,882.0,7.0,RSI極度売られ過ぎ(18) / MA25大幅下離れ(-30.6%)
2026-03-23,4382,ＨＥＲＯＺ,-5.35,778.0,-0.98,1.21,PANIC,0.87,801.0,808.0,3.0,RSI中立(47) / 出来高やや増(1.9倍) / MA25やや下離れ(-6.1%)
2026-03-23,7061,日本ホスピスホールディングス,-5.33,728.0,-3.83,0.44,PANIC,-1.21,742.0,733.0,6.0,RSI売られ過ぎ(27) / MA25大幅下離れ(-18.3%)
2026-03-23,2173,博展,-5.32,925.0,-1.04,0.35,PANIC,1.83,928.0,945.0,4.0,RSI売られ過ぎ(21) / MA25やや下離れ(-8.1%)
2026-03-23,3315,日本コークス工業,-5.26,108.0,-2.78,1.25,PANIC,0.88,113.0,114.0,3.0,RSI中立(41) / MA25下離れ(-12.6%)
2026-03-23,4960,ケミプロ化成,-5.21,637.0,-4.07,0.32,PANIC,-1.81,664.0,652.0,5.0,RSIやや低め(36) / MA25大幅下離れ(-15.1%)
2026-03-23,6905,コーセル,-5.21,1128.0,4.37,1.21,PANIC,-2.3,1218.0,1190.0,6.0,RSI極度売られ過ぎ(17) / MA25下離れ(-10.1%)
2026-03-23,9467,アルファポリス,-5.17,1155.0,0.2,0.59,PANIC,-1.98,1163.0,1140.0,5.0,RSI中立(42) / 出来高増加(2.3倍) / MA25下離れ(-12.6%)
2026-03-23,7003,三井Ｅ＆Ｓ,-5.15,6118.0,2.57,1.17,PANIC,-5.14,6318.0,5993.0,5.0,RSI売られ過ぎ(30) / MA25下離れ(-14.2%)
2026-03-23,8914,エリアリンク,-5.12,1111.0,-0.9,0.68,PANIC,-2.33,1161.0,1134.0,3.0,RSIやや低め(34) / MA25やや下離れ(-8.8%)
2026-03-23,281A,インフォメティス,-5.08,560.0,9.59,10.78,PANIC,10.0,600.0,660.0,3.0,出来高急増(14.6倍)売り枯れ示唆
2026-03-23,7013,ＩＨＩ,-5.06,3470.0,-0.18,0.73,PANIC,-3.93,3559.0,3419.0,4.0,RSIやや低め(36) / MA25下離れ(-13.8%)
2026-03-23,5139,オープンワーク,-5.01,854.0,2.92,0.66,PANIC,-1.96,869.0,852.0,3.0,RSI中立(44) / MA25下離れ(-10.6%)
2026-03-23,7692,アースインフィニティ,-5.0,95.0,-4.99,1.06,PANIC,-1.02,98.0,97.0,5.0,RSIやや低め(36) / 出来高増加(2.3倍) / MA25やや下離れ(-7.2%)
2026-03-24,6330,東洋エンジニアリング,-15.48,2523.0,1.08,1.47,NORMAL,3.68,2608.0,2704.0,6.0,RSI中立(42) / 出来高増加(2.6倍) / MA25大幅下離れ(-26.8%)
2026-03-24,9742,アイネス,-12.97,1905.0,7.56,4.67,NORMAL,6.87,1906.0,2037.0,6.0,RSIやや低め(37) / 出来高急増(3.5倍)売り枯れ示唆 / MA25やや下離れ(-8.3%)
2026-03-24,6522,アスタリスク,-10.47,1000.0,5.34,0.16,NORMAL,31.58,988.0,1300.0,3.0,出来高急増(16.1倍)売り枯れ示唆
2026-03-24,478A,フツパー,-10.3,749.0,0.19,0.71,NORMAL,-2.18,734.0,718.0,5.0,RSI中立(49) / 出来高増加(2.1倍) / MA25下離れ(-10.1%)
2026-03-24,7946,光陽社,-8.28,665.0,8.38,7.15,NORMAL,3.25,615.0,635.0,10.0,RSI極度売られ過ぎ(6) / 出来高急増(3.7倍)売り枯れ示唆 / MA25大幅下離れ(-64.0%)
2026-03-24,7014,名村造船所,-7.99,4320.0,1.3,0.84,NORMAL,0.11,4495.0,4500.0,6.0,RSI売られ過ぎ(21) / MA25大幅下離れ(-16.4%)
2026-03-24,3103,ユニチカ,-7.77,1317.0,0.49,0.34,NORMAL,3.71,1347.0,1397.0,3.0,RSI中立(41) / MA25下離れ(-12.3%)
2026-03-24,4316,ビーマップ,-7.69,997.0,1.2,0.57,NORMAL,-3.19,1002.0,970.0,4.0,RSIやや低め(31) / MA25下離れ(-14.1%)
2026-03-24,2962,テクニスコ,-7.29,890.0,-5.72,0.13,NORMAL,2.07,919.0,938.0,5.0,RSI売られ過ぎ(21) / MA25下離れ(-13.2%)
2026-03-24,7794,イーディーピー,-7.11,1085.0,-1.48,0.21,NORMAL,-0.09,1101.0,1100.0,6.0,RSI売られ過ぎ(26) / MA25大幅下離れ(-26.1%)
2026-03-24,3070,ジェリービーンズグループ,-6.45,87.0,-3.35,0.7,NORMAL,0.0,89.0,89.0,3.0,RSI中立(43) / MA25下離れ(-12.8%)
2026-03-24,9127,玉井商船,-6.41,3650.0,6.78,2.35,NORMAL,0.68,3670.0,3695.0,6.0,RSI中立(41) / 出来高急増(12.5倍)売り枯れ示唆 / MA25下離れ(-13.1%)
2026-03-24,6226,守谷輸送機工業,-5.85,3945.0,0.05,1.27,NORMAL,1.22,4085.0,4135.0,7.0,RSI極度売られ過ぎ(20) / MA25大幅下離れ(-25.6%)
2026-03-24,6777,ｓａｎｔｅｃ　Ｈｏｌｄｉｎｇｓ,-5.79,18370.0,-0.1,0.92,NORMAL,-3.15,20330.0,19690.0,3.0,RSI中立(44) / MA25下離れ(-10.0%)
2026-03-24,6469,放電精密加工研究所,-5.55,3490.0,2.05,0.55,NORMAL,0.55,3640.0,3660.0,4.0,RSIやや低め(35) / MA25下離れ(-11.8%)
2026-03-24,7220,武蔵精密工業,-5.45,2515.0,1.95,1.05,NORMAL,1.08,2597.0,2625.0,3.0,RSIやや低め(40) / MA25やや下離れ(-6.2%)
2026-03-24,5032,ＡＮＹＣＯＬＯＲ,-5.26,2918.0,0.11,0.83,NORMAL,0.27,2922.0,2930.0,7.0,RSIやや低め(31) / 出来高増加(2.6倍) / MA25大幅下離れ(-22.8%)
2026-03-24,6804,ホシデン,-5.2,2624.0,1.83,0.89,NORMAL,-0.07,2674.0,2672.0,4.0,RSIやや低め(33) / 出来高やや増(1.7倍) / MA25やや下離れ(-7.7%)
2026-03-24,7003,三井Ｅ＆Ｓ,-5.14,5993.0,1.24,0.88,NORMAL,0.75,6243.0,6290.0,6.0,RSI売られ過ぎ(30) / MA25大幅下離れ(-15.4%)
2026-03-24,429A,テクセンドフォトマスク,-5.11,2751.0,6.38,1.13,NORMAL,1.42,2821.0,2861.0,6.0,RSI極度売られ過ぎ(14) / MA25下離れ(-10.8%)
2026-03-25,281A,インフォメティス,-16.54,560.0,2.69,1.87,NORMAL,-9.62,530.0,479.0,3.0,出来高急増(3.3倍)売り枯れ示唆
2026-03-25,7922,三光産業,-15.06,750.0,-5.8,0.37,NORMAL,1.48,745.0,756.0,3.0,出来高急増(7.7倍)売り枯れ示唆
2026-03-25,4427,ＥｄｕＬａｂ,-12.62,284.0,4.41,5.59,NORMAL,-8.47,295.0,270.0,3.0,出来高急増(11.7倍)売り枯れ示唆
2026-03-25,3803,イメージ情報開発,-11.72,610.0,0.36,2.23,NORMAL,-11.87,615.0,542.0,4.0,RSI中立(47) / 出来高増加(2.4倍) / MA25やや下離れ(-7.7%)
2026-03-25,6497,ハマイ,-10.07,1304.0,4.41,2.43,NORMAL,0.31,1304.0,1308.0,5.0,RSI中立(41) / 出来高急増(6.9倍)売り枯れ示唆 / MA25やや下離れ(-9.1%)
2026-03-25,153A,カウリス,-9.61,1138.0,5.53,3.79,NORMAL,-3.29,1155.0,1117.0,3.0,RSI中立(50) / 出来高増加(2.7倍)
2026-03-25,5871,ＳＯＬＩＺＥ　Ｈｏｌｄｉｎｇｓ,-7.13,1472.0,-1.14,0.51,NORMAL,-3.35,1462.0,1413.0,3.0,出来高急増(10.9倍)売り枯れ示唆
2026-03-25,7812,クレステック,-7.08,1957.0,7.53,4.58,NORMAL,-1.26,1989.0,1964.0,3.0,出来高急増(48.2倍)売り枯れ示唆
2026-03-25,3997,トレードワークス,-5.69,381.0,2.65,0.82,NORMAL,-1.55,387.0,381.0,6.0,RSI売られ過ぎ(26) / MA25大幅下離れ(-20.6%)
2026-03-26,4594,ブライトパス・バイオ,-18.68,74.0,7.74,5.23,WEAK,8.33,72.0,78.0,3.0,出来高急増(3.8倍)売り枯れ示唆
2026-03-26,4222,児玉化学工業,-12.88,1062.0,0.12,0.43,WEAK,5.61,1033.0,1091.0,5.0,RSIやや低め(39) / 出来高増加(2.5倍) / MA25やや下離れ(-7.1%)
2026-03-26,3103,ユニチカ,-12.39,1145.0,-1.65,0.37,WEAK,6.64,1115.0,1189.0,6.0,RSI売られ過ぎ(26) / MA25大幅下離れ(-23.9%)
2026-03-26,3803,イメージ情報開発,-11.87,542.0,0.68,2.21,WEAK,4.19,549.0,572.0,4.0,RSI中立(46) / MA25大幅下離れ(-17.1%)
2026-03-26,4479,マクアケ,-10.69,986.0,-1.02,0.48,WEAK,0.71,986.0,993.0,5.0,RSIやや低め(34) / 出来高やや増(1.9倍) / MA25下離れ(-11.9%)
2026-03-26,4576,デ・ウエスタン・セラピテクス研究所,-9.52,95.0,0.31,0.99,WEAK,2.13,94.0,96.0,5.0,RSIやや低め(38) / 出来高急増(10.6倍)売り枯れ示唆
2026-03-26,402A,アクセルスペースホールディングス,-9.19,563.0,-1.66,0.47,WEAK,-0.71,562.0,558.0,4.0,RSIやや低め(32) / MA25下離れ(-10.5%)
2026-03-26,4422,ＶＡＬＵＥＮＥＸ,-8.94,499.0,7.86,6.53,WEAK,-1.02,491.0,486.0,3.0,出来高急増(4.5倍)売り枯れ示唆
2026-03-26,2321,ソフトフロントホールディングス,-8.71,220.0,-2.05,0.27,WEAK,-1.35,222.0,219.0,4.0,RSI中立(50) / MA25大幅下離れ(-17.3%)
2026-03-26,4098,チタン工業,-8.25,1223.0,10.0,13.22,WEAK,-3.13,1213.0,1175.0,3.0,出来高急増(15.1倍)売り枯れ示唆
2026-03-26,4598,Ｄｅｌｔａ−Ｆｌｙ　Ｐｈａｒｍａ,-8.14,203.0,-0.94,0.26,WEAK,1.47,204.0,207.0,5.0,RSI売られ過ぎ(25) / MA25下離れ(-10.6%)
2026-03-26,6433,ヒーハイスト,-8.05,1325.0,-2.42,0.36,WEAK,-0.46,1315.0,1309.0,5.0,RSIやや低め(32) / MA25大幅下離れ(-22.4%)
2026-03-26,4593,ヘリオス,-8.02,367.0,1.19,0.97,WEAK,4.42,362.0,378.0,3.0,RSIやや低め(32) / MA25やや下離れ(-7.8%)
2026-03-26,7794,イーディーピー,-7.9,1014.0,-1.24,0.15,WEAK,0.0,1314.0,1314.0,6.0,RSI売られ過ぎ(26) / MA25大幅下離れ(-29.0%)
2026-03-26,6366,千代田化工建設,-7.87,936.0,-1.65,1.23,WEAK,-0.43,921.0,917.0,8.0,RSI売られ過ぎ(27) / 出来高増加(2.2倍) / MA25大幅下離れ(-23.7%)
2026-03-26,477A,スタートライン,-7.7,563.0,-5.57,0.22,WEAK,-2.85,562.0,546.0,8.0,RSI売られ過ぎ(25) / 出来高増加(2.7倍) / MA25大幅下離れ(-17.1%)
2026-03-26,6495,宮入バルブ製作所,-7.69,216.0,-4.97,0.21,WEAK,4.33,208.0,217.0,3.0,RSI中立(42) / MA25下離れ(-13.0%)
2026-03-26,2962,テクニスコ,-7.68,866.0,-1.45,0.11,WEAK,-4.44,923.0,882.0,6.0,RSI売られ過ぎ(28) / MA25大幅下離れ(-16.2%)
2026-03-26,436A,サイバーソリューションズ,-7.19,955.0,-1.29,0.41,WEAK,3.81,945.0,981.0,7.0,RSI売られ過ぎ(22) / 出来高増加(2.3倍) / MA25下離れ(-14.2%)
2026-03-26,6620,宮越ホールディングス,-7.18,685.0,9.27,9.82,WEAK,-0.6,670.0,666.0,4.0,RSI中立(43) / 出来高増加(2.9倍) / MA25やや下離れ(-5.1%)
2026-03-26,7779,ＣＹＢＥＲＤＹＮＥ,-7.17,285.0,-1.71,0.29,WEAK,1.41,283.0,287.0,4.0,RSIやや低め(33) / MA25下離れ(-14.1%)
2026-03-26,198A,ＰｏｓｔＰｒｉｍｅ,-6.98,200.0,3.13,0.41,WEAK,0.0,203.0,203.0,4.0,RSIやや低め(38) / MA25下離れ(-12.5%)
2026-03-26,4316,ビーマップ,-6.91,903.0,4.67,1.66,WEAK,-15.39,890.0,753.0,8.0,RSI極度売られ過ぎ(13) / 出来高やや増(1.6倍) / MA25大幅下離れ(-21.6%)
2026-03-26,4588,オンコリスバイオファーマ,-6.81,2284.0,-1.59,0.72,WEAK,4.66,2234.0,2338.0,4.0,RSIやや低め(39) / MA25下離れ(-11.4%)
2026-03-26,9880,イノテック,-6.58,2597.0,-0.37,0.66,WEAK,0.67,2550.0,2567.0,5.0,RSIやや低め(39) / 出来高急増(5.2倍)売り枯れ示唆
2026-03-26,3776,ブロードバンドタワー,-6.48,202.0,-2.09,0.36,WEAK,1.49,202.0,205.0,4.0,RSIやや低め(39) / MA25下離れ(-10.3%)
2026-03-26,7138,ＴＯＲＩＣＯ,-6.44,247.0,-0.91,0.34,WEAK,1.19,252.0,255.0,5.0,RSI売られ過ぎ(28) / MA25下離れ(-12.4%)
2026-03-26,4889,レナサイエンス,-6.42,1675.0,-1.65,0.81,WEAK,3.98,1659.0,1725.0,4.0,RSIやや低め(37) / MA25下離れ(-10.6%)
2026-03-26,6208,石川製作所,-6.33,2220.0,-0.35,0.23,WEAK,0.0,2210.0,2210.0,6.0,RSI極度売られ過ぎ(18) / MA25下離れ(-10.8%)
2026-03-26,8105,Ｂｉｔｃｏｉｎ　Ｊａｐａｎ,-6.32,163.0,-0.43,0.6,WEAK,0.0,160.0,160.0,6.0,RSI売られ過ぎ(29) / MA25大幅下離れ(-19.8%)
2026-03-26,5332,ＴＯＴＯ,-6.31,5569.0,0.7,1.02,WEAK,-0.8,5473.0,5429.0,3.0,RSIやや低め(36) / MA25やや下離れ(-5.7%)
2026-03-26,7826,フルヤ金属,-5.84,6610.0,-1.3,0.64,WEAK,-0.62,6410.0,6370.0,3.0,RSIやや低め(39) / MA25やや下離れ(-6.7%)
2026-03-26,4584,キッズウェル・バイオ,-5.79,244.0,-0.39,0.53,WEAK,5.02,239.0,251.0,3.0,RSIやや低め(37) / MA25やや下離れ(-7.5%)
2026-03-26,6255,エヌ・ピー・シー,-5.76,720.0,-1.12,0.56,WEAK,1.83,710.0,723.0,3.0,RSIやや低め(32) / MA25やや下離れ(-7.5%)
2026-03-26,438A,インフキュリオン,-5.39,719.0,-0.88,0.5,WEAK,2.64,720.0,739.0,6.0,RSI売られ過ぎ(25) / MA25大幅下離れ(-20.0%)
2026-03-26,4571,ＮＡＮＯホールディングス,-5.39,158.0,-0.41,0.5,WEAK,3.18,157.0,162.0,3.0,RSIやや低め(34) / MA25やや下離れ(-6.9%)
2026-03-26,4673,川崎地質,-5.36,5300.0,9.5,10.5,WEAK,11.54,5200.0,5800.0,3.0,出来高急増(9.4倍)売り枯れ示唆
2026-03-26,7777,スリー・ディー・マトリックス,-5.3,429.0,-0.45,0.6,WEAK,4.75,421.0,441.0,5.0,RSIやや低め(33) / MA25大幅下離れ(-25.5%)
2026-03-26,276A,ククレブ・アドバイザーズ,-5.29,3310.0,0.4,0.51,WEAK,1.97,3305.0,3370.0,3.0,RSIやや低め(38) / MA25やや下離れ(-8.7%)
2026-03-26,7366,ＬＩＴＡＬＩＣＯ,-5.15,1233.0,0.3,0.86,WEAK,0.65,1227.0,1235.0,4.0,RSI中立(41) / 出来高増加(2.2倍) / MA25やや下離れ(-5.7%)
2026-03-26,7068,フィードフォースグループ,-5.12,537.0,1.45,1.18,WEAK,-1.88,533.0,523.0,7.0,RSI売られ過ぎ(28) / 出来高急増(3.9倍)売り枯れ示唆 / MA25やや下離れ(-9.0%)
2026-03-26,6855,日本電子材料,-5.05,6200.0,-0.88,0.64,WEAK,-1.51,5950.0,5860.0,6.0,RSI売られ過ぎ(30) / MA25大幅下離れ(-17.0%)
2026-03-26,4379,Ｐｈｏｔｏｓｙｎｔｈ,-5.02,492.0,2.53,2.07,WEAK,1.24,484.0,490.0,3.0,出来高急増(8.9倍)売り枯れ示唆
2026-03-26,6522,アスタリスク,-5.01,1441.0,6.22,4.12,WEAK,-2.66,1541.0,1500.0,3.0,出来高急増(6.9倍)売り枯れ示唆
2026-03-27,4316,ビーマップ,-15.39,753.0,6.57,1.71,NORMAL,-0.17,604.0,603.0,10.0,RSI極度売られ過ぎ(10) / 出来高急増(3.2倍)売り枯れ示唆 / MA25大幅下離れ(-34.1%)
2026-03-27,7375,リファインバースグループ,-13.97,1219.0,4.35,5.59,NORMAL,2.99,1339.0,1379.0,3.0,出来高急増(9.7倍)売り枯れ示唆
2026-03-27,4167,ココペリ,-13.29,359.0,10.0,14.04,NORMAL,2.47,324.0,332.0,3.0,出来高急増(54.7倍)売り枯れ示唆
2026-03-27,2195,アミタホールディングス,-10.53,425.0,0.13,3.56,NORMAL,1.61,497.0,505.0,3.0,出来高急増(11.3倍)売り枯れ示唆
2026-03-27,7774,ジャパン・ティッシュエンジニアリング,-7.35,693.0,-0.58,0.43,NORMAL,-8.58,653.0,597.0,5.0,RSIやや低め(39) / 出来高急増(4.6倍)売り枯れ示唆
2026-03-27,2193,クックパッド,-7.05,145.0,-0.41,0.97,NORMAL,-2.13,141.0,138.0,3.0,RSI中立(47) / 出来高増加(2.8倍)
2026-03-27,7719,東京衡機,-5.36,530.0,6.38,1.77,NORMAL,6.0,500.0,530.0,3.0,RSI中立(47) / MA25下離れ(-12.5%)
2026-03-30,149A,シンカ,-25.74,1226.0,5.57,4.73,STRONG,,,,3.0,出来高急増(29.1倍)売り枯れ示唆
2026-03-30,3315,日本コークス工業,-16.22,124.0,7.61,4.84,STRONG,,,,3.0,出来高急増(10.2倍)売り枯れ示唆
2026-03-30,7774,ジャパン・ティッシュエンジニアリング,-8.58,597.0,7.32,3.97,STRONG,,,,5.0,RSIやや低め(37) / 出来高やや増(1.9倍) / MA25下離れ(-11.4%)
2026-03-30,3388,明治電機工業,-6.97,2028.0,-1.08,0.89,STRONG,,,,8.0,RSI売られ過ぎ(28) / 出来高急増(31.8倍)売り枯れ示唆 / MA25下離れ(-14.5%)
2026-03-30,3778,さくらインターネット,-6.82,2609.0,5.4,2.28,STRONG,,,,7.0,RSI売られ過ぎ(29) / 出来高急増(4.1倍)売り枯れ示唆 / MA25やや下離れ(-8.4%)
2026-03-30,3908,コラボス,-6.09,370.0,7.23,3.69,STRONG,,,,6.0,RSIやや低め(36) / 出来高急増(3.2倍)売り枯れ示唆 / MA25やや下離れ(-8.7%)
2026-03-30,4299,ハイマックス,-5.75,1230.0,6.41,2.79,STRONG,,,,5.0,RSI中立(44) / 出来高急増(5.0倍)売り枯れ示唆 / MA25やや下離れ(-5.9%)
2026-03-30,1798,守谷商会,-5.62,1227.0,-8.53,0.23,STRONG,,,,10.0,RSI極度売られ過ぎ(9) / 出来高急増(75.0倍)売り枯れ示唆 / MA25大幅下離れ(-81.2%)
2026-03-30,8366,滋賀銀行,-5.54,1823.0,2.89,1.8,STRONG,,,,10.0,RSI極度売られ過ぎ(17) / 出来高急増(12.8倍)売り枯れ示唆 / MA25大幅下離れ(-78.4%)
2026-03-30,4479,マクアケ,-5.45,902.0,2.55,0.94,STRONG,,,,8.0,RSI極度売られ過ぎ(9) / 出来高やや増(1.7倍) / MA25大幅下離れ(-19.2%)
2026-03-30,4478,フリー,-5.19,1991.0,0.24,0.51,STRONG,,,,4.0,RSI売られ過ぎ(29) / MA25やや下離れ(-5.3%)
